AudioBook_ID,Book_Title,Book_Description,Book_Detail,Book_Language,Book_Country,Book_Author,Book_Translator,Book_Narrator,Book_Director,Book_Producer,Book_SoundEngineer,Book_Effector,Book_Actors,Book_Genre,Book_Category,Book_Duration,Episode_Count,Cover_Image_URL,Player_Link,FullBook_MP3_URL,All_MP3s_Found
674800,بیست هزار فرسنگ زیر دریا,,,,,,,,,,,,,,,,,https://player.iranseda.ir/picture?AttID=521584&s=c,https://book.iranseda.ir/Details?VALID=TRUE&g=674800&b=&attid=521584,https://player.iranseda.ir/downloadfile/?attid=528988&q=11,"https://player.iranseda.ir/downloadfile/?attid=528658&q=11,https://player.iranseda.ir/downloadfile/?attid=528988&q=11,https://player.iranseda.ir/downloadfile/?attid=528659&q=11,https://player.iranseda.ir/downloadfile/?attid=528660&q=11,https://player.iranseda.ir/downloadfile/?attid=528661&q=11,https://player.iranseda.ir/downloadfile/?attid=528662&q=11,https://player.iranseda.ir/downloadfile/?attid=528663&q=11,https://player.iranseda.ir/downloadfile/?attid=528664&q=11"
680329,چین خوردگی در زمان,,,,,,,,,,,,,,,,,https://player.iranseda.ir/picture?AttID=525590&s=c,https://book.iranseda.ir/Details?VALID=TRUE&g=680329&b=&attid=525590,https://player.iranseda.ir/downloadfile/?attid=528606&q=11,"https://player.iranseda.ir/downloadfile/?attid=528607&q=11,https://player.iranseda.ir/downloadfile/?attid=528606&q=11,https://player.iranseda.ir/downloadfile/?attid=527729&q=11,https://player.iranseda.ir/downloadfile/?attid=530045&q=11,https://player.iranseda.ir/downloadfile/?attid=528404&q=11"
669753,فرار از زمان,,,,,,,,,,,,,,,,,https://player.iranseda.ir/picture?AttID=518970&s=c,https://book.iranseda.ir/Details?VALID=TRUE&g=669753&b=&attid=518970,https://player.iranseda.ir/downloadfile/?attid=519879&q=11,"https://player.iranseda.ir/downloadfile/?attid=519020&q=11,https://player.iranseda.ir/downloadfile/?attid=519879&q=11,https://player.iranseda.ir/downloadfile/?attid=519878&q=11,https://player.iranseda.ir/downloadfile/?attid=519348&q=11,https://player.iranseda.ir/downloadfile/?attid=519349&q=11,https://player.iranseda.ir/downloadfile/?attid=519350&q=11,https://player.iranseda.ir/downloadfile/?attid=519351&q=11,https://player.iranseda.ir/downloadfile/?attid=519352&q=11"
622868,خمیر ترش,,,,,,,,,,,,,,,,,https://player.iranseda.ir/picture?AttID=479956&s=c,https://book.iranseda.ir/Details?VALID=TRUE&g=622868&b=&attid=479956,https://player.iranseda.ir/downloadfile/?attid=481336&q=11,"https://player.iranseda.ir/downloadfile/?attid=481248&q=11,https://player.iranseda.ir/downloadfile/?attid=481336&q=11,https://player.iranseda.ir/downloadfile/?attid=481249&q=11,https://player.iranseda.ir/downloadfile/?attid=481252&q=11,https://player.iranseda.ir/downloadfile/?attid=481250&q=11,https://player.iranseda.ir/downloadfile/?attid=481253&q=11,https://player.iranseda.ir/downloadfile/?attid=481254&q=11"
595310,پرستیژ «قسمت دوم: انجییرها»,,,,,,,,,,,,,,,,,https://player.iranseda.ir/picture?AttID=480058&s=c,https://book.iranseda.ir/Details?VALID=TRUE&g=595310&b=&attid=480058,https://player.iranseda.ir/downloadfile/?attid=481262&q=11,"https://player.iranseda.ir/downloadfile/?attid=480608&q=11,https://player.iranseda.ir/downloadfile/?attid=481262&q=11,https://player.iranseda.ir/downloadfile/?attid=481216&q=11,https://player.iranseda.ir/downloadfile/?attid=480610&q=11,https://player.iranseda.ir/downloadfile/?attid=481242&q=11,https://player.iranseda.ir/downloadfile/?attid=480612&q=11,https://player.iranseda.ir/downloadfile/?attid=480805&q=11"
582962,پرستیژ «قسمت اول: بوردن ها»,,,,,,,,,,,,,,,,,https://player.iranseda.ir/picture?AttID=480059&s=c,https://book.iranseda.ir/Details?VALID=TRUE&g=582962&b=&attid=480059,https://player.iranseda.ir/downloadfile/?attid=480892&q=11,"https://player.iranseda.ir/downloadfile/?attid=480042&q=11,https://player.iranseda.ir/downloadfile/?attid=480892&q=11,https://player.iranseda.ir/downloadfile/?attid=480043&q=11,https://player.iranseda.ir/downloadfile/?attid=480044&q=11,https://player.iranseda.ir/downloadfile/?attid=480884&q=11"
614132,غول آهنی,,,,,,,,,,,,,,,,,https://player.iranseda.ir/picture?AttID=472703&s=c,https://book.iranseda.ir/Details?VALID=TRUE&g=614132&b=&attid=472703,https://player.iranseda.ir/downloadfile/?attid=473230&q=11,"https://player.iranseda.ir/downloadfile/?attid=472660&q=11,https://player.iranseda.ir/downloadfile/?attid=473230&q=11,https://player.iranseda.ir/downloadfile/?attid=472661&q=11,https://player.iranseda.ir/downloadfile/?attid=472662&q=11,https://player.iranseda.ir/downloadfile/?attid=472663&q=11"
608643,کلارا و خورشید,,,,,,,,,,,,,,,,,https://player.iranseda.ir/picture?AttID=469271&s=c,https://book.iranseda.ir/Details?VALID=TRUE&g=608643&b=&attid=469271,https://player.iranseda.ir/downloadfile/?attid=470754&q=11,"https://player.iranseda.ir/downloadfile/?attid=469601&q=11,https://player.iranseda.ir/downloadfile/?attid=470754&q=11,https://player.iranseda.ir/downloadfile/?attid=469602&q=11,https://player.iranseda.ir/downloadfile/?attid=469604&q=11,https://player.iranseda.ir/downloadfile/?attid=469611&q=11,https://player.iranseda.ir/downloadfile/?attid=469612&q=11,https://player.iranseda.ir/downloadfile/?attid=469613&q=11,https://player.iranseda.ir/downloadfile/?attid=469614&q=11,https://player.iranseda.ir/downloadfile/?attid=469616&q=11,https://player.iranseda.ir/downloadfile/?attid=470755&q=11,https://player.iranseda.ir/downloadfile/?attid=469619&q=11"
608350,اوپشی دوپشی کلاس اولی می‌ شود,,,,,,,,,,,,,,,,,https://player.iranseda.ir/picture?AttID=467043&s=c,https://book.iranseda.ir/Details?VALID=TRUE&g=608350&b=&attid=467043,https://player.iranseda.ir/downloadfile/?attid=467646&q=11,"https://player.iranseda.ir/downloadfile/?attid=465909&q=11,https://player.iranseda.ir/downloadfile/?attid=467646&q=11,https://player.iranseda.ir/downloadfile/?attid=465910&q=11,https://player.iranseda.ir/downloadfile/?attid=465911&q=11,https://player.iranseda.ir/downloadfile/?attid=465912&q=11"
606072,خانم فریزبی و موش‌ های صحرایی ان‌ آی‌ ام‌ اچ,,,,,,,,,,,,,,,,,https://player.iranseda.ir/picture?AttID=467260&s=c,https://book.iranseda.ir/Details?VALID=TRUE&g=606072&b=&attid=467260,https://player.iranseda.ir/downloadfile/?attid=466869&q=11,"https://player.iranseda.ir/downloadfile/?attid=466712&q=11,https://player.iranseda.ir/downloadfile/?attid=466869&q=11,https://player.iranseda.ir/downloadfile/?attid=466713&q=11,https://player.iranseda.ir/downloadfile/?attid=466714&q=11,https://player.iranseda.ir/downloadfile/?attid=466715&q=11,https://player.iranseda.ir/downloadfile/?attid=466867&q=11,https://player.iranseda.ir/downloadfile/?attid=466717&q=11"
601783,قطب نما,,,,,,,,,,,,,,,,,https://player.iranseda.ir/picture?AttID=462625&s=c,https://book.iranseda.ir/Details?VALID=TRUE&g=601783&b=&attid=462625,https://player.iranseda.ir/downloadfile/?attid=466180&q=11,"https://player.iranseda.ir/downloadfile/?attid=465805&q=11,https://player.iranseda.ir/downloadfile/?attid=466180&q=11,https://player.iranseda.ir/downloadfile/?attid=465806&q=11,https://player.iranseda.ir/downloadfile/?attid=465807&q=11,https://player.iranseda.ir/downloadfile/?attid=465808&q=11,https://player.iranseda.ir/downloadfile/?attid=465809&q=11,https://player.iranseda.ir/downloadfile/?attid=465810&q=11,https://player.iranseda.ir/downloadfile/?attid=465812&q=11,https://player.iranseda.ir/downloadfile/?attid=466179&q=11"
598602,فردا,,,,,,,,,,,,,,,,,https://player.iranseda.ir/picture?AttID=465097&s=c,https://book.iranseda.ir/Details?VALID=TRUE&g=598602&b=&attid=465097,https://player.iranseda.ir/downloadfile/?attid=465500&q=11,"https://player.iranseda.ir/downloadfile/?attid=465190&q=11,https://player.iranseda.ir/downloadfile/?attid=465500&q=11,https://player.iranseda.ir/downloadfile/?attid=465191&q=11,https://player.iranseda.ir/downloadfile/?attid=465193&q=11,https://player.iranseda.ir/downloadfile/?attid=465194&q=11,https://player.iranseda.ir/downloadfile/?attid=465195&q=11,https://player.iranseda.ir/downloadfile/?attid=465496&q=11,https://player.iranseda.ir/downloadfile/?attid=465197&q=11,https://player.iranseda.ir/downloadfile/?attid=465198&q=11,https://player.iranseda.ir/downloadfile/?attid=465199&q=11"
592539,,,,,,,,,,,,,,,,,,,,,
525847,,,,,,,,,,,,,,,,,,,,,
551611,تصویر آیینه ای,,,,,,,,,,,,,,,,,https://player.iranseda.ir/picture?AttID=446219&s=c,https://book.iranseda.ir/Details?VALID=TRUE&g=551611&b=&attid=446219,https://player.iranseda.ir/downloadfile/?attid=446295&q=11,"https://player.iranseda.ir/downloadfile/?attid=446296&q=11,https://player.iranseda.ir/downloadfile/?attid=446295&q=11,https://player.iranseda.ir/downloadfile/?attid=446293&q=11,https://player.iranseda.ir/downloadfile/?attid=446294&q=11"
563520,ربات های سپیده دم,,,,,,,,,,,,,,,,,https://player.iranseda.ir/picture?AttID=445300&s=c,https://book.iranseda.ir/Details?VALID=TRUE&g=563520&b=&attid=445300,https://player.iranseda.ir/downloadfile/?attid=444585&q=11,"https://player.iranseda.ir/downloadfile/?attid=444535&q=11,https://player.iranseda.ir/downloadfile/?attid=444585&q=11,https://player.iranseda.ir/downloadfile/?attid=444536&q=11,https://player.iranseda.ir/downloadfile/?attid=444537&q=11,https://player.iranseda.ir/downloadfile/?attid=444538&q=11,https://player.iranseda.ir/downloadfile/?attid=444539&q=11,https://player.iranseda.ir/downloadfile/?attid=444540&q=11,https://player.iranseda.ir/downloadfile/?attid=444541&q=11"
569115,پروفسور بالتازار,,,,,,,,,,,,,,,,,https://player.iranseda.ir/picture?AttID=442493&s=c,https://book.iranseda.ir/Details?VALID=TRUE&g=569115&b=&attid=442493,https://player.iranseda.ir/downloadfile/?attid=443701&q=11,"https://player.iranseda.ir/downloadfile/?attid=442673&q=11,https://player.iranseda.ir/downloadfile/?attid=443701&q=11,https://player.iranseda.ir/downloadfile/?attid=443473&q=11,https://player.iranseda.ir/downloadfile/?attid=442675&q=11,https://player.iranseda.ir/downloadfile/?attid=443474&q=11,https://player.iranseda.ir/downloadfile/?attid=443475&q=11"
558508,خورشیـد عریان؛ داستان دوم,,,,,,,,,,,,,,,,,https://player.iranseda.ir/picture?AttID=429239&s=c,https://book.iranseda.ir/Details?VALID=TRUE&g=558508&b=&attid=429239,https://player.iranseda.ir/downloadfile/?attid=431692&q=11,"https://player.iranseda.ir/downloadfile/?attid=431449&q=11,https://player.iranseda.ir/downloadfile/?attid=431692&q=11,https://player.iranseda.ir/downloadfile/?attid=431450&q=11,https://player.iranseda.ir/downloadfile/?attid=431451&q=11,https://player.iranseda.ir/downloadfile/?attid=431452&q=11,https://player.iranseda.ir/downloadfile/?attid=431453&q=11,https://player.iranseda.ir/downloadfile/?attid=431454&q=11"
556279,مرد معمولی - جلد 3,,,,,,,,,,,,,,,,,https://player.iranseda.ir/picture?AttID=430344&s=c,https://book.iranseda.ir/Details?VALID=TRUE&g=556279&b=&attid=430344,https://player.iranseda.ir/downloadfile/?attid=429557&q=11,"https://player.iranseda.ir/downloadfile/?attid=430370&q=11,https://player.iranseda.ir/downloadfile/?attid=429557&q=11,https://player.iranseda.ir/downloadfile/?attid=429282&q=11,https://player.iranseda.ir/downloadfile/?attid=429284&q=11,https://player.iranseda.ir/downloadfile/?attid=429285&q=11,https://player.iranseda.ir/downloadfile/?attid=429286&q=11,https://player.iranseda.ir/downloadfile/?attid=429287&q=11,https://player.iranseda.ir/downloadfile/?attid=429288&q=11,https://player.iranseda.ir/downloadfile/?attid=429553&q=11"
554203,جزیره رابینسون ها,,,,,,,,,,,,,,,,,https://player.iranseda.ir/picture?AttID=427146&s=c,https://book.iranseda.ir/Details?VALID=TRUE&g=554203&b=&attid=427146,https://player.iranseda.ir/downloadfile/?attid=426898&q=11,"https://player.iranseda.ir/downloadfile/?attid=426230&q=11,https://player.iranseda.ir/downloadfile/?attid=426898&q=11,https://player.iranseda.ir/downloadfile/?attid=426231&q=11,https://player.iranseda.ir/downloadfile/?attid=426232&q=11,https://player.iranseda.ir/downloadfile/?attid=426233&q=11,https://player.iranseda.ir/downloadfile/?attid=426235&q=11"
551846,دنیای شگفت انگیز اُز,,,,,,,,,,,,,,,,,https://player.iranseda.ir/picture?AttID=424640&s=c,https://book.iranseda.ir/Details?VALID=TRUE&g=551846&b=&attid=424640,https://player.iranseda.ir/downloadfile/?attid=424604&q=11,"https://player.iranseda.ir/downloadfile/?attid=424435&q=11,https://player.iranseda.ir/downloadfile/?attid=424604&q=11,https://player.iranseda.ir/downloadfile/?attid=424436&q=11,https://player.iranseda.ir/downloadfile/?attid=424437&q=11,https://player.iranseda.ir/downloadfile/?attid=424438&q=11,https://player.iranseda.ir/downloadfile/?attid=424439&q=11,https://player.iranseda.ir/downloadfile/?attid=424440&q=11,https://player.iranseda.ir/downloadfile/?attid=424441&q=11"
545240,خوابگرد,,,,,,,,,,,,,,,,,https://player.iranseda.ir/picture?AttID=423684&s=c,https://book.iranseda.ir/Details?VALID=TRUE&g=545240&b=&attid=423684,https://player.iranseda.ir/downloadfile/?attid=423832&q=11,"https://player.iranseda.ir/downloadfile/?attid=420001&q=11,https://player.iranseda.ir/downloadfile/?attid=423832&q=11,https://player.iranseda.ir/downloadfile/?attid=423744&q=11,https://player.iranseda.ir/downloadfile/?attid=423745&q=11,https://player.iranseda.ir/downloadfile/?attid=420004&q=11,https://player.iranseda.ir/downloadfile/?attid=420005&q=11,https://player.iranseda.ir/downloadfile/?attid=420006&q=11,https://player.iranseda.ir/downloadfile/?attid=420007&q=11,https://player.iranseda.ir/downloadfile/?attid=420008&q=11"
537047,شهر طلا و سرب,,,,,,,,,,,,,,,,,https://player.iranseda.ir/picture?AttID=413561&s=c,https://book.iranseda.ir/Details?VALID=TRUE&g=537047&b=&attid=413561,https://player.iranseda.ir/downloadfile/?attid=419100&q=11,"https://player.iranseda.ir/downloadfile/?attid=423319&q=11,https://player.iranseda.ir/downloadfile/?attid=419100&q=11,https://player.iranseda.ir/downloadfile/?attid=413122&q=11,https://player.iranseda.ir/downloadfile/?attid=413123&q=11,https://player.iranseda.ir/downloadfile/?attid=413124&q=11,https://player.iranseda.ir/downloadfile/?attid=413125&q=11,https://player.iranseda.ir/downloadfile/?attid=413127&q=11,https://player.iranseda.ir/downloadfile/?attid=413129&q=11,https://player.iranseda.ir/downloadfile/?attid=413131&q=11,https://player.iranseda.ir/downloadfile/?attid=413132&q=11,https://player.iranseda.ir/downloadfile/?attid=413133&q=11,https://player.iranseda.ir/downloadfile/?attid=413134&q=11,https://player.iranseda.ir/downloadfile/?attid=413135&q=11"
536546,غارهای فولادی,,,,,,,,,,,,,,,,,https://player.iranseda.ir/picture?AttID=413624&s=c,https://book.iranseda.ir/Details?VALID=TRUE&g=536546&b=&attid=413624,https://player.iranseda.ir/downloadfile/?attid=416148&q=11,"https://player.iranseda.ir/downloadfile/?attid=415707&q=11,https://player.iranseda.ir/downloadfile/?attid=416148&q=11,https://player.iranseda.ir/downloadfile/?attid=415711&q=11,https://player.iranseda.ir/downloadfile/?attid=416146&q=11,https://player.iranseda.ir/downloadfile/?attid=416147&q=11,https://player.iranseda.ir/downloadfile/?attid=415709&q=11"
525862,ما,,,,,,,,,,,,,,,,,https://player.iranseda.ir/picture?AttID=421890&s=c,https://book.iranseda.ir/Details?VALID=TRUE&g=525862&b=&attid=421890,https://player.iranseda.ir/downloadfile/?attid=412272&q=11,"https://player.iranseda.ir/downloadfile/?attid=404252&q=11,https://player.iranseda.ir/downloadfile/?attid=412272&q=11,https://player.iranseda.ir/downloadfile/?attid=404253&q=11,https://player.iranseda.ir/downloadfile/?attid=404254&q=11,https://player.iranseda.ir/downloadfile/?attid=404255&q=11,https://player.iranseda.ir/downloadfile/?attid=404256&q=11,https://player.iranseda.ir/downloadfile/?attid=404257&q=11"
541144,,,,,,,,,,,,,,,,,,,,,
528622,جزیره دکتر مورو,,,,,,,,,,,,,,,,,https://player.iranseda.ir/picture?AttID=412775&s=c,https://book.iranseda.ir/Details?VALID=TRUE&g=528622&b=&attid=412775,https://player.iranseda.ir/downloadfile/?attid=414022&q=11,"https://player.iranseda.ir/downloadfile/?attid=410532&q=11,https://player.iranseda.ir/downloadfile/?attid=414022&q=11,https://player.iranseda.ir/downloadfile/?attid=410539&q=11,https://player.iranseda.ir/downloadfile/?attid=410534&q=11,https://player.iranseda.ir/downloadfile/?attid=410535&q=11,https://player.iranseda.ir/downloadfile/?attid=410538&q=11,https://player.iranseda.ir/downloadfile/?attid=410540&q=11"
528174,سولاریس,,,,,,,,,,,,,,,,,https://player.iranseda.ir/picture?AttID=406336&s=c,https://book.iranseda.ir/Details?VALID=TRUE&g=528174&b=&attid=406336,https://player.iranseda.ir/downloadfile/?attid=412616&q=11,"https://player.iranseda.ir/downloadfile/?attid=412246&q=11,https://player.iranseda.ir/downloadfile/?attid=412616&q=11,https://player.iranseda.ir/downloadfile/?attid=412448&q=11,https://player.iranseda.ir/downloadfile/?attid=412450&q=11,https://player.iranseda.ir/downloadfile/?attid=412456&q=11,https://player.iranseda.ir/downloadfile/?attid=412469&q=11"
529563,کوه‌ های سفید,,,,,,,,,,,,,,,,,https://player.iranseda.ir/picture?AttID=407849&s=c,https://book.iranseda.ir/Details?VALID=TRUE&g=529563&b=&attid=407849,https://player.iranseda.ir/downloadfile/?attid=408913&q=11,"https://player.iranseda.ir/downloadfile/?attid=408966&q=11,https://player.iranseda.ir/downloadfile/?attid=408913&q=11,https://player.iranseda.ir/downloadfile/?attid=408903&q=11,https://player.iranseda.ir/downloadfile/?attid=408904&q=11,https://player.iranseda.ir/downloadfile/?attid=408905&q=11,https://player.iranseda.ir/downloadfile/?attid=408906&q=11,https://player.iranseda.ir/downloadfile/?attid=408907&q=11,https://player.iranseda.ir/downloadfile/?attid=408908&q=11,https://player.iranseda.ir/downloadfile/?attid=408909&q=11,https://player.iranseda.ir/downloadfile/?attid=408910&q=11,https://player.iranseda.ir/downloadfile/?attid=408911&q=11,https://player.iranseda.ir/downloadfile/?attid=408912&q=11"
513191,بارت فوق‌ العاده خسته‌ کننده,,,,,,,,,,,,,,,,,https://player.iranseda.ir/picture?AttID=395173&s=c,https://book.iranseda.ir/Details?VALID=TRUE&g=513191&b=&attid=395173,https://player.iranseda.ir/downloadfile/?attid=402954&q=11,"https://player.iranseda.ir/downloadfile/?attid=402947&q=11,https://player.iranseda.ir/downloadfile/?attid=402954&q=11,https://player.iranseda.ir/downloadfile/?attid=402948&q=11,https://player.iranseda.ir/downloadfile/?attid=402949&q=11,https://player.iranseda.ir/downloadfile/?attid=402950&q=11,https://player.iranseda.ir/downloadfile/?attid=402951&q=11,https://player.iranseda.ir/downloadfile/?attid=402952&q=11,https://player.iranseda.ir/downloadfile/?attid=402953&q=11"
507839,شهر و شهر,,,,,,,,,,,,,,,,,https://player.iranseda.ir/picture?AttID=392162&s=c,https://book.iranseda.ir/Details?VALID=TRUE&g=507839&b=&attid=392162,https://player.iranseda.ir/downloadfile/?attid=400037&q=11,"https://player.iranseda.ir/downloadfile/?attid=398192&q=11,https://player.iranseda.ir/downloadfile/?attid=400037&q=11,https://player.iranseda.ir/downloadfile/?attid=400031&q=11,https://player.iranseda.ir/downloadfile/?attid=400032&q=11,https://player.iranseda.ir/downloadfile/?attid=400033&q=11,https://player.iranseda.ir/downloadfile/?attid=400034&q=11,https://player.iranseda.ir/downloadfile/?attid=400035&q=11,https://player.iranseda.ir/downloadfile/?attid=400036&q=11"
448908,شهر و ستارگان,,,,,,,,,,,,,,,,,https://player.iranseda.ir/picture?AttID=397744&s=c,https://book.iranseda.ir/Details?VALID=TRUE&g=448908&b=&attid=397744,https://player.iranseda.ir/downloadfile/?attid=398277&q=11,"https://player.iranseda.ir/downloadfile/?attid=397738&q=11,https://player.iranseda.ir/downloadfile/?attid=398277&q=11,https://player.iranseda.ir/downloadfile/?attid=397739&q=11,https://player.iranseda.ir/downloadfile/?attid=397740&q=11,https://player.iranseda.ir/downloadfile/?attid=397741&q=11,https://player.iranseda.ir/downloadfile/?attid=397742&q=11,https://player.iranseda.ir/downloadfile/?attid=397743&q=11"
515306,وقتی هیتلر خرگوش صورتی مرا دزدید,,,,,,,,,,,,,,,,,https://player.iranseda.ir/picture?AttID=397135&s=c,https://book.iranseda.ir/Details?VALID=TRUE&g=515306&b=&attid=397135,https://player.iranseda.ir/downloadfile/?attid=398259&q=11,"https://player.iranseda.ir/downloadfile/?attid=397289&q=11,https://player.iranseda.ir/downloadfile/?attid=398259&q=11,https://player.iranseda.ir/downloadfile/?attid=398260&q=11,https://player.iranseda.ir/downloadfile/?attid=398261&q=11,https://player.iranseda.ir/downloadfile/?attid=398262&q=11,https://player.iranseda.ir/downloadfile/?attid=398263&q=11,https://player.iranseda.ir/downloadfile/?attid=398264&q=11,https://player.iranseda.ir/downloadfile/?attid=398266&q=11"
511732,برکه آتش,,,,,,,,,,,,,,,,,https://player.iranseda.ir/picture?AttID=397147&s=c,https://book.iranseda.ir/Details?VALID=TRUE&g=511732&b=&attid=397147,https://player.iranseda.ir/downloadfile/?attid=396167&q=11,"https://player.iranseda.ir/downloadfile/?attid=395086&q=11,https://player.iranseda.ir/downloadfile/?attid=396167&q=11,https://player.iranseda.ir/downloadfile/?attid=395179&q=11,https://player.iranseda.ir/downloadfile/?attid=395202&q=11,https://player.iranseda.ir/downloadfile/?attid=395208&q=11,https://player.iranseda.ir/downloadfile/?attid=395217&q=11,https://player.iranseda.ir/downloadfile/?attid=395728&q=11,https://player.iranseda.ir/downloadfile/?attid=395745&q=11,https://player.iranseda.ir/downloadfile/?attid=396109&q=11,https://player.iranseda.ir/downloadfile/?attid=396118&q=11,https://player.iranseda.ir/downloadfile/?attid=396121&q=11"
507801,پانصد میلیون ثروت,,,,,,,,,,,,,,,,,https://player.iranseda.ir/picture?AttID=393217&s=c,https://book.iranseda.ir/Details?VALID=TRUE&g=507801&b=&attid=393217,https://player.iranseda.ir/downloadfile/?attid=393124&q=11,"https://player.iranseda.ir/downloadfile/?attid=391899&q=11,https://player.iranseda.ir/downloadfile/?attid=393124&q=11,https://player.iranseda.ir/downloadfile/?attid=391873&q=11,https://player.iranseda.ir/downloadfile/?attid=391874&q=11,https://player.iranseda.ir/downloadfile/?attid=391894&q=11,https://player.iranseda.ir/downloadfile/?attid=391872&q=11"
507922,مرد معمولی - جلد 1,,,,,,,,,,,,,,,,,https://player.iranseda.ir/picture?AttID=391375&s=c,https://book.iranseda.ir/Details?VALID=TRUE&g=507922&b=&attid=391375,https://player.iranseda.ir/downloadfile/?attid=392234&q=11,"https://player.iranseda.ir/downloadfile/?attid=391797&q=11,https://player.iranseda.ir/downloadfile/?attid=392234&q=11,https://player.iranseda.ir/downloadfile/?attid=392222&q=11,https://player.iranseda.ir/downloadfile/?attid=391798&q=11,https://player.iranseda.ir/downloadfile/?attid=391799&q=11,https://player.iranseda.ir/downloadfile/?attid=393002&q=11,https://player.iranseda.ir/downloadfile/?attid=392233&q=11"
492843,آیا انسان‌واره‌ها خوابِ گوسفند‌های الکتریکی می‌بینند؟,,,,,,,,,,,,,,,,,https://player.iranseda.ir/picture?AttID=389427&s=c,https://book.iranseda.ir/Details?VALID=TRUE&g=492843&b=&attid=389427,https://player.iranseda.ir/downloadfile/?attid=389328&q=11,"https://player.iranseda.ir/downloadfile/?attid=389057&q=11,https://player.iranseda.ir/downloadfile/?attid=389328&q=11,https://player.iranseda.ir/downloadfile/?attid=389324&q=11,https://player.iranseda.ir/downloadfile/?attid=389325&q=11,https://player.iranseda.ir/downloadfile/?attid=389326&q=11,https://player.iranseda.ir/downloadfile/?attid=389327&q=11"
456710,کتابخانه شبانه,,,,,,,,,,,,,,,,,https://player.iranseda.ir/picture?AttID=372890&s=c,https://book.iranseda.ir/Details?VALID=TRUE&g=456710&b=&attid=372890,https://player.iranseda.ir/downloadfile/?attid=372617&q=11,"https://player.iranseda.ir/downloadfile/?attid=371475&q=11,https://player.iranseda.ir/downloadfile/?attid=372617&q=11,https://player.iranseda.ir/downloadfile/?attid=375834&q=11,https://player.iranseda.ir/downloadfile/?attid=372613&q=11,https://player.iranseda.ir/downloadfile/?attid=372614&q=11,https://player.iranseda.ir/downloadfile/?attid=371489&q=11,https://player.iranseda.ir/downloadfile/?attid=371490&q=11,https://player.iranseda.ir/downloadfile/?attid=372615&q=11,https://player.iranseda.ir/downloadfile/?attid=372616&q=11,https://player.iranseda.ir/downloadfile/?attid=371493&q=11"
469772,سفر به مرکز زمین,,,,,,,,,,,,,,,,,https://player.iranseda.ir/picture?AttID=372503&s=c,https://book.iranseda.ir/Details?VALID=TRUE&g=469772&b=&attid=372503,https://player.iranseda.ir/downloadfile/?attid=377976&q=11,"https://player.iranseda.ir/downloadfile/?attid=371962&q=11,https://player.iranseda.ir/downloadfile/?attid=377976&q=11,https://player.iranseda.ir/downloadfile/?attid=373751&q=11,https://player.iranseda.ir/downloadfile/?attid=373752&q=11,https://player.iranseda.ir/downloadfile/?attid=373753&q=11,https://player.iranseda.ir/downloadfile/?attid=373754&q=11"
465557,سفر به ماه,,,,,,,,,,,,,,,,,https://player.iranseda.ir/picture?AttID=372111&s=c,https://book.iranseda.ir/Details?VALID=TRUE&g=465557&b=&attid=372111,https://player.iranseda.ir/downloadfile/?attid=371723&q=11,"https://player.iranseda.ir/downloadfile/?attid=371271&q=11,https://player.iranseda.ir/downloadfile/?attid=371723&q=11,https://player.iranseda.ir/downloadfile/?attid=371252&q=11,https://player.iranseda.ir/downloadfile/?attid=371253&q=11,https://player.iranseda.ir/downloadfile/?attid=371254&q=11"
487113,ربات وحشی,,,,,,,,,,,,,,,,,https://player.iranseda.ir/picture?AttID=390427&s=c,https://book.iranseda.ir/Details?VALID=TRUE&g=487113&b=&attid=390427,https://player.iranseda.ir/downloadfile/?attid=395207&q=11,"https://player.iranseda.ir/downloadfile/?attid=393751&q=11,https://player.iranseda.ir/downloadfile/?attid=395207&q=11,https://player.iranseda.ir/downloadfile/?attid=395143&q=11,https://player.iranseda.ir/downloadfile/?attid=393753&q=11,https://player.iranseda.ir/downloadfile/?attid=393754&q=11,https://player.iranseda.ir/downloadfile/?attid=393756&q=11"
469653,دنیای نورا,,,,,,,,,,,,,,,,,https://player.iranseda.ir/picture?AttID=376519&s=c,https://book.iranseda.ir/Details?VALID=TRUE&g=469653&b=&attid=376519,https://player.iranseda.ir/downloadfile/?attid=376280&q=11,"https://player.iranseda.ir/downloadfile/?attid=363166&q=11,https://player.iranseda.ir/downloadfile/?attid=376280&q=11,https://player.iranseda.ir/downloadfile/?attid=376276&q=11,https://player.iranseda.ir/downloadfile/?attid=376277&q=11,https://player.iranseda.ir/downloadfile/?attid=376278&q=11,https://player.iranseda.ir/downloadfile/?attid=376279&q=11"
471058,هزار و یک شب - جلد هشتم,,,,,,,,,,,,,,,,,https://player.iranseda.ir/picture?AttID=411438&s=c,https://book.iranseda.ir/Details?VALID=TRUE&g=471058&b=&attid=411438,https://player.iranseda.ir/downloadfile/?attid=407092&q=11,"https://player.iranseda.ir/downloadfile/?attid=407091&q=11,https://player.iranseda.ir/downloadfile/?attid=407092&q=11,https://player.iranseda.ir/downloadfile/?attid=407093&q=11,https://player.iranseda.ir/downloadfile/?attid=407094&q=11,https://player.iranseda.ir/downloadfile/?attid=407095&q=11,https://player.iranseda.ir/downloadfile/?attid=407096&q=11,https://player.iranseda.ir/downloadfile/?attid=407097&q=11,https://player.iranseda.ir/downloadfile/?attid=407098&q=11,https://player.iranseda.ir/downloadfile/?attid=407099&q=11,https://player.iranseda.ir/downloadfile/?attid=407100&q=11,https://player.iranseda.ir/downloadfile/?attid=407101&q=11,https://player.iranseda.ir/downloadfile/?attid=407102&q=11"
471927,سفرهای گالیور,,,,,,,,,,,,,,,,,https://player.iranseda.ir/picture?AttID=366339&s=c,https://book.iranseda.ir/Details?VALID=TRUE&g=471927&b=&attid=366339,https://player.iranseda.ir/downloadfile/?attid=365863&q=11,"https://player.iranseda.ir/downloadfile/?attid=366346&q=11,https://player.iranseda.ir/downloadfile/?attid=365863&q=11,https://player.iranseda.ir/downloadfile/?attid=365231&q=11,https://player.iranseda.ir/downloadfile/?attid=365233&q=11,https://player.iranseda.ir/downloadfile/?attid=365242&q=11,https://player.iranseda.ir/downloadfile/?attid=365245&q=11,https://player.iranseda.ir/downloadfile/?attid=365247&q=11,https://player.iranseda.ir/downloadfile/?attid=365248&q=11,https://player.iranseda.ir/downloadfile/?attid=365249&q=11"
459593,دور دنیا در هشتاد روز,,,,,,,,,,,,,,,,,https://player.iranseda.ir/picture?AttID=358616&s=c,https://book.iranseda.ir/Details?VALID=TRUE&g=459593&b=&attid=358616,https://player.iranseda.ir/downloadfile/?attid=357065&q=11,"https://player.iranseda.ir/downloadfile/?attid=355581&q=11,https://player.iranseda.ir/downloadfile/?attid=357065&q=11,https://player.iranseda.ir/downloadfile/?attid=355582&q=11,https://player.iranseda.ir/downloadfile/?attid=355583&q=11,https://player.iranseda.ir/downloadfile/?attid=355584&q=11,https://player.iranseda.ir/downloadfile/?attid=355585&q=11,https://player.iranseda.ir/downloadfile/?attid=355586&q=11,https://player.iranseda.ir/downloadfile/?attid=355587&q=11,https://player.iranseda.ir/downloadfile/?attid=355588&q=11,https://player.iranseda.ir/downloadfile/?attid=356395&q=11,https://player.iranseda.ir/downloadfile/?attid=355590&q=11"
465146,پرستیژ «قسمت اول: بوردن ها»,,,,,,,,,,,,,,,,,https://player.iranseda.ir/picture?AttID=485825&s=c,https://book.iranseda.ir/Details?VALID=TRUE&g=465146&b=&attid=485825,https://player.iranseda.ir/downloadfile/?attid=485866&q=11,"https://player.iranseda.ir/downloadfile/?attid=485629&q=11,https://player.iranseda.ir/downloadfile/?attid=485866&q=11,https://player.iranseda.ir/downloadfile/?attid=485863&q=11,https://player.iranseda.ir/downloadfile/?attid=485864&q=11,https://player.iranseda.ir/downloadfile/?attid=485865&q=11"
459372,مرد نامرئی,,,,,,,,,,,,,,,,,https://player.iranseda.ir/picture?AttID=355349&s=c,https://book.iranseda.ir/Details?VALID=TRUE&g=459372&b=&attid=355349,https://player.iranseda.ir/downloadfile/?attid=354689&q=11,"https://player.iranseda.ir/downloadfile/?attid=353773&q=11,https://player.iranseda.ir/downloadfile/?attid=354689&q=11,https://player.iranseda.ir/downloadfile/?attid=354688&q=11,https://player.iranseda.ir/downloadfile/?attid=353775&q=11"
452141,ماجراجوی جوان,,,,,,,,,,,,,,,,,https://player.iranseda.ir/picture?AttID=349322&s=c,https://book.iranseda.ir/Details?VALID=TRUE&g=452141&b=&attid=349322,https://player.iranseda.ir/downloadfile/?attid=348847&q=11,"https://player.iranseda.ir/downloadfile/?attid=348098&q=11,https://player.iranseda.ir/downloadfile/?attid=348847&q=11,https://player.iranseda.ir/downloadfile/?attid=348099&q=11,https://player.iranseda.ir/downloadfile/?attid=348100&q=11,https://player.iranseda.ir/downloadfile/?attid=348101&q=11,https://player.iranseda.ir/downloadfile/?attid=348102&q=11,https://player.iranseda.ir/downloadfile/?attid=348103&q=11,https://player.iranseda.ir/downloadfile/?attid=348255&q=11"
430086,فرانکشتاین,,,,,,,,,,,,,,,,,https://player.iranseda.ir/picture?AttID=349022&s=c,https://book.iranseda.ir/Details?VALID=TRUE&g=430086&b=&attid=349022,https://player.iranseda.ir/downloadfile/?attid=348578&q=11,"https://player.iranseda.ir/downloadfile/?attid=346819&q=11,https://player.iranseda.ir/downloadfile/?attid=348569&q=11,https://player.iranseda.ir/downloadfile/?attid=348578&q=11,https://player.iranseda.ir/downloadfile/?attid=345471&q=11,https://player.iranseda.ir/downloadfile/?attid=345477&q=11,https://player.iranseda.ir/downloadfile/?attid=346516&q=11,https://player.iranseda.ir/downloadfile/?attid=346518&q=11,https://player.iranseda.ir/downloadfile/?attid=346793&q=11,https://player.iranseda.ir/downloadfile/?attid=346817&q=11"
444972,تخم‌مرغ‌های شوم,,,,,,,,,,,,,,,,,https://player.iranseda.ir/picture?AttID=344044&s=c,https://book.iranseda.ir/Details?VALID=TRUE&g=444972&b=&attid=344044,https://player.iranseda.ir/downloadfile/?attid=344023&q=11,"https://player.iranseda.ir/downloadfile/?attid=343751&q=11,https://player.iranseda.ir/downloadfile/?attid=344023&q=11,https://player.iranseda.ir/downloadfile/?attid=343742&q=11,https://player.iranseda.ir/downloadfile/?attid=343747&q=11,https://player.iranseda.ir/downloadfile/?attid=343754&q=11,https://player.iranseda.ir/downloadfile/?attid=343814&q=11,https://player.iranseda.ir/downloadfile/?attid=343828&q=11,https://player.iranseda.ir/downloadfile/?attid=343840&q=11,https://player.iranseda.ir/downloadfile/?attid=343855&q=11"
432469,هرج و مرج آرزوها,,,,,,,,,,,,,,,,,https://player.iranseda.ir/picture?AttID=342583&s=c,https://book.iranseda.ir/Details?VALID=TRUE&g=432469&b=&attid=342583,https://player.iranseda.ir/downloadfile/?attid=336532&q=11,"https://player.iranseda.ir/downloadfile/?attid=332982&q=11,https://player.iranseda.ir/downloadfile/?attid=336532&q=11,https://player.iranseda.ir/downloadfile/?attid=332846&q=11,https://player.iranseda.ir/downloadfile/?attid=349268&q=11,https://player.iranseda.ir/downloadfile/?attid=332848&q=11"
432454,شکار گنج,,,,,,,,,,,,,,,,,https://player.iranseda.ir/picture?AttID=342569&s=c,https://book.iranseda.ir/Details?VALID=TRUE&g=432454&b=&attid=342569,https://player.iranseda.ir/downloadfile/?attid=336530&q=11,"https://player.iranseda.ir/downloadfile/?attid=332980&q=11,https://player.iranseda.ir/downloadfile/?attid=336530&q=11,https://player.iranseda.ir/downloadfile/?attid=332813&q=11,https://player.iranseda.ir/downloadfile/?attid=349269&q=11,https://player.iranseda.ir/downloadfile/?attid=332815&q=11"
423571,ال دنیا را تغییر می دهد,,,,,,,,,,,,,,,,,https://player.iranseda.ir/picture?AttID=343572&s=c,https://book.iranseda.ir/Details?VALID=TRUE&g=423571&b=&attid=343572,https://player.iranseda.ir/downloadfile/?attid=343856&q=11,"https://player.iranseda.ir/downloadfile/?attid=342899&q=11,https://player.iranseda.ir/downloadfile/?attid=343856&q=11,https://player.iranseda.ir/downloadfile/?attid=343026&q=11,https://player.iranseda.ir/downloadfile/?attid=342901&q=11,https://player.iranseda.ir/downloadfile/?attid=342902&q=11,https://player.iranseda.ir/downloadfile/?attid=343027&q=11,https://player.iranseda.ir/downloadfile/?attid=343364&q=11,https://player.iranseda.ir/downloadfile/?attid=343029&q=11,https://player.iranseda.ir/downloadfile/?attid=343030&q=11,https://player.iranseda.ir/downloadfile/?attid=343031&q=11"
443562,امتحان نهال,,,,,,,,,,,,,,,,,https://player.iranseda.ir/picture?AttID=344981&s=c,https://book.iranseda.ir/Details?VALID=TRUE&g=443562&b=&attid=344981,https://player.iranseda.ir/downloadfile/?attid=439973&q=11,"https://player.iranseda.ir/downloadfile/?attid=341285&q=11,https://player.iranseda.ir/downloadfile/?attid=439973&q=11,https://player.iranseda.ir/downloadfile/?attid=341283&q=11,https://player.iranseda.ir/downloadfile/?attid=341288&q=11,https://player.iranseda.ir/downloadfile/?attid=341297&q=11"
420485,رازهای خواهر,,,,,,,,,,,,,,,,,https://player.iranseda.ir/picture?AttID=333736&s=c,https://book.iranseda.ir/Details?VALID=TRUE&g=420485&b=&attid=333736,https://player.iranseda.ir/downloadfile/?attid=343171&q=11,"https://player.iranseda.ir/downloadfile/?attid=332979&q=11,https://player.iranseda.ir/downloadfile/?attid=343171&q=11,https://player.iranseda.ir/downloadfile/?attid=332921&q=11,https://player.iranseda.ir/downloadfile/?attid=332922&q=11,https://player.iranseda.ir/downloadfile/?attid=332844&q=11"
430556,در انتظار بربرها,,,,,,,,,,,,,,,,,https://player.iranseda.ir/picture?AttID=337176&s=c,https://book.iranseda.ir/Details?VALID=TRUE&g=430556&b=&attid=337176,https://player.iranseda.ir/downloadfile/?attid=340563&q=11,"https://player.iranseda.ir/downloadfile/?attid=336381&q=11,https://player.iranseda.ir/downloadfile/?attid=340563&q=11,https://player.iranseda.ir/downloadfile/?attid=340558&q=11,https://player.iranseda.ir/downloadfile/?attid=340559&q=11,https://player.iranseda.ir/downloadfile/?attid=340560&q=11,https://player.iranseda.ir/downloadfile/?attid=340561&q=11,https://player.iranseda.ir/downloadfile/?attid=340562&q=11"
436023,,,,,,,,,,,,,,,,,,,,,
432456,نمایش دوستی,,,,,,,,,,,,,,,,,https://player.iranseda.ir/picture?AttID=335829&s=c,https://book.iranseda.ir/Details?VALID=TRUE&g=432456&b=&attid=335829,https://player.iranseda.ir/downloadfile/?attid=334953&q=11,"https://player.iranseda.ir/downloadfile/?attid=332981&q=11,https://player.iranseda.ir/downloadfile/?attid=334953&q=11,https://player.iranseda.ir/downloadfile/?attid=332839&q=11,https://player.iranseda.ir/downloadfile/?attid=334722&q=11,https://player.iranseda.ir/downloadfile/?attid=332841&q=11"
420437,آزمایش دکتر اکس,,,,,,,,,,,,,,,,,https://player.iranseda.ir/picture?AttID=334994&s=c,https://book.iranseda.ir/Details?VALID=TRUE&g=420437&b=&attid=334994,https://player.iranseda.ir/downloadfile/?attid=334600&q=11,"https://player.iranseda.ir/downloadfile/?attid=334073&q=11,https://player.iranseda.ir/downloadfile/?attid=334600&q=11,https://player.iranseda.ir/downloadfile/?attid=334076&q=11,https://player.iranseda.ir/downloadfile/?attid=334078&q=11,https://player.iranseda.ir/downloadfile/?attid=334599&q=11"
429541,ماشین زمان,,,,,,,,,,,,,,,,,https://player.iranseda.ir/picture?AttID=332640&s=c,https://book.iranseda.ir/Details?VALID=TRUE&g=429541&b=&attid=332640,https://player.iranseda.ir/downloadfile/?attid=334974&q=11,"https://player.iranseda.ir/downloadfile/?attid=331640&q=11,https://player.iranseda.ir/downloadfile/?attid=334974&q=11,https://player.iranseda.ir/downloadfile/?attid=331557&q=11,https://player.iranseda.ir/downloadfile/?attid=331558&q=11,https://player.iranseda.ir/downloadfile/?attid=331559&q=11"
427347,درباره عروس دریایی,,,,,,,,,,,,,,,,,https://player.iranseda.ir/picture?AttID=331548&s=c,https://book.iranseda.ir/Details?VALID=TRUE&g=427347&b=&attid=331548,https://player.iranseda.ir/downloadfile/?attid=334463&q=11,"https://player.iranseda.ir/downloadfile/?attid=329802&q=11,https://player.iranseda.ir/downloadfile/?attid=334463&q=11,https://player.iranseda.ir/downloadfile/?attid=334459&q=11,https://player.iranseda.ir/downloadfile/?attid=334460&q=11,https://player.iranseda.ir/downloadfile/?attid=334461&q=11,https://player.iranseda.ir/downloadfile/?attid=334462&q=11"
429019,مانولیتو در سفر,,,,,,,,,,,,,,,,,https://player.iranseda.ir/picture?AttID=342567&s=c,https://book.iranseda.ir/Details?VALID=TRUE&g=429019&b=&attid=342567,https://player.iranseda.ir/downloadfile/?attid=332417&q=11,"https://player.iranseda.ir/downloadfile/?attid=330640&q=11,https://player.iranseda.ir/downloadfile/?attid=332417&q=11,https://player.iranseda.ir/downloadfile/?attid=330642&q=11,https://player.iranseda.ir/downloadfile/?attid=349265&q=11,https://player.iranseda.ir/downloadfile/?attid=349266&q=11,https://player.iranseda.ir/downloadfile/?attid=349267&q=11"
414114,قرار ملاقات سنجاب و موش خرما,,,,,,,,,,,,,,,,,https://player.iranseda.ir/picture?AttID=330897&s=c,https://book.iranseda.ir/Details?VALID=TRUE&g=414114&b=&attid=330897,https://player.iranseda.ir/downloadfile/?attid=330755&q=11,"https://player.iranseda.ir/downloadfile/?attid=328562&q=11,https://player.iranseda.ir/downloadfile/?attid=330755&q=11,https://player.iranseda.ir/downloadfile/?attid=328576&q=11,https://player.iranseda.ir/downloadfile/?attid=328769&q=11,https://player.iranseda.ir/downloadfile/?attid=330743&q=11,https://player.iranseda.ir/downloadfile/?attid=329572&q=11,https://player.iranseda.ir/downloadfile/?attid=330744&q=11,https://player.iranseda.ir/downloadfile/?attid=329551&q=11"
419271,خنده فروخته شده,,,,,,,,,,,,,,,,,https://player.iranseda.ir/picture?AttID=327587&s=c,https://book.iranseda.ir/Details?VALID=TRUE&g=419271&b=&attid=327587,https://player.iranseda.ir/downloadfile/?attid=326541&q=11,"https://player.iranseda.ir/downloadfile/?attid=325577&q=11,https://player.iranseda.ir/downloadfile/?attid=326541&q=11,https://player.iranseda.ir/downloadfile/?attid=326539&q=11,https://player.iranseda.ir/downloadfile/?attid=325579&q=11,https://player.iranseda.ir/downloadfile/?attid=326540&q=11,https://player.iranseda.ir/downloadfile/?attid=325581&q=11,https://player.iranseda.ir/downloadfile/?attid=325582&q=11"
416673,تصویر بزرگ,,,,,,,,,,,,,,,,,https://player.iranseda.ir/picture?AttID=326503&s=c,https://book.iranseda.ir/Details?VALID=TRUE&g=416673&b=&attid=326503,https://player.iranseda.ir/downloadfile/?attid=326428&q=11,"https://player.iranseda.ir/downloadfile/?attid=325322&q=11,https://player.iranseda.ir/downloadfile/?attid=326428&q=11,https://player.iranseda.ir/downloadfile/?attid=325323&q=11,https://player.iranseda.ir/downloadfile/?attid=325324&q=11,https://player.iranseda.ir/downloadfile/?attid=325325&q=11,https://player.iranseda.ir/downloadfile/?attid=325326&q=11,https://player.iranseda.ir/downloadfile/?attid=325327&q=11,https://player.iranseda.ir/downloadfile/?attid=326429&q=11"
412197,جودی و تابستان باحال,,,,,,,,,,,,,,,,,https://player.iranseda.ir/picture?AttID=323354&s=c,https://book.iranseda.ir/Details?VALID=TRUE&g=412197&b=&attid=323354,https://player.iranseda.ir/downloadfile/?attid=327316&q=11,"https://player.iranseda.ir/downloadfile/?attid=322342&q=11,https://player.iranseda.ir/downloadfile/?attid=327316&q=11,https://player.iranseda.ir/downloadfile/?attid=327315&q=11,https://player.iranseda.ir/downloadfile/?attid=323198&q=11,https://player.iranseda.ir/downloadfile/?attid=323199&q=11,https://player.iranseda.ir/downloadfile/?attid=323200&q=11,https://player.iranseda.ir/downloadfile/?attid=323201&q=11"
417654,جودی کارآگاه می شود,,,,,,,,,,,,,,,,,https://player.iranseda.ir/picture?AttID=323368&s=c,https://book.iranseda.ir/Details?VALID=TRUE&g=417654&b=&attid=323368,https://player.iranseda.ir/downloadfile/?attid=327310&q=11,"https://player.iranseda.ir/downloadfile/?attid=322351&q=11,https://player.iranseda.ir/downloadfile/?attid=327310&q=11,https://player.iranseda.ir/downloadfile/?attid=327309&q=11,https://player.iranseda.ir/downloadfile/?attid=323167&q=11,https://player.iranseda.ir/downloadfile/?attid=323171&q=11,https://player.iranseda.ir/downloadfile/?attid=323172&q=11"
419013,جایی که کوه بوسه می زند بر ماه,,,,,,,,,,,,,,,,,https://player.iranseda.ir/picture?AttID=324221&s=c,https://book.iranseda.ir/Details?VALID=TRUE&g=419013&b=&attid=324221,https://player.iranseda.ir/downloadfile/?attid=325215&q=11,"https://player.iranseda.ir/downloadfile/?attid=323280&q=11,https://player.iranseda.ir/downloadfile/?attid=325215&q=11,https://player.iranseda.ir/downloadfile/?attid=323281&q=11,https://player.iranseda.ir/downloadfile/?attid=323282&q=11,https://player.iranseda.ir/downloadfile/?attid=323283&q=11,https://player.iranseda.ir/downloadfile/?attid=323284&q=11,https://player.iranseda.ir/downloadfile/?attid=323285&q=11,https://player.iranseda.ir/downloadfile/?attid=323286&q=11,https://player.iranseda.ir/downloadfile/?attid=323303&q=11,https://player.iranseda.ir/downloadfile/?attid=323304&q=11,https://player.iranseda.ir/downloadfile/?attid=323305&q=11"
417659,دردسر مدرسه,,,,,,,,,,,,,,,,,https://player.iranseda.ir/picture?AttID=323805&s=c,https://book.iranseda.ir/Details?VALID=TRUE&g=417659&b=&attid=323805,https://player.iranseda.ir/downloadfile/?attid=327317&q=11,"https://player.iranseda.ir/downloadfile/?attid=322363&q=11,https://player.iranseda.ir/downloadfile/?attid=327317&q=11,https://player.iranseda.ir/downloadfile/?attid=323177&q=11,https://player.iranseda.ir/downloadfile/?attid=323178&q=11"
408211,پرندگان,,,,,,,,,,,,,,,,,https://player.iranseda.ir/picture?AttID=315936&s=c,https://book.iranseda.ir/Details?VALID=TRUE&g=408211&b=&attid=315936,https://player.iranseda.ir/downloadfile/?attid=315920&q=11,"https://player.iranseda.ir/downloadfile/?attid=315891&q=11,https://player.iranseda.ir/downloadfile/?attid=315920&q=11,https://player.iranseda.ir/downloadfile/?attid=315892&q=11,https://player.iranseda.ir/downloadfile/?attid=315893&q=11,https://player.iranseda.ir/downloadfile/?attid=315894&q=11,https://player.iranseda.ir/downloadfile/?attid=315895&q=11"
406978,تخم مرغ های کشنده,,,,,,,,,,,,,,,,,https://player.iranseda.ir/picture?AttID=316614&s=c,https://book.iranseda.ir/Details?VALID=TRUE&g=406978&b=&attid=316614,https://player.iranseda.ir/downloadfile/?attid=316548&q=11,"https://player.iranseda.ir/downloadfile/?attid=316548&q=11,https://player.iranseda.ir/downloadfile/?attid=316542&q=11,https://player.iranseda.ir/downloadfile/?attid=316543&q=11,https://player.iranseda.ir/downloadfile/?attid=316544&q=11,https://player.iranseda.ir/downloadfile/?attid=316545&q=11,https://player.iranseda.ir/downloadfile/?attid=316546&q=11,https://player.iranseda.ir/downloadfile/?attid=316547&q=11"
393431,بچه های شیشه گر,,,,,,,,,,,,,,,,,https://player.iranseda.ir/picture?AttID=312972&s=c,https://book.iranseda.ir/Details?VALID=TRUE&g=393431&b=&attid=312972,https://player.iranseda.ir/downloadfile/?attid=310853&q=11,"https://player.iranseda.ir/downloadfile/?attid=305329&q=11,https://player.iranseda.ir/downloadfile/?attid=310853&q=11,https://player.iranseda.ir/downloadfile/?attid=310847&q=11,https://player.iranseda.ir/downloadfile/?attid=310849&q=11,https://player.iranseda.ir/downloadfile/?attid=310851&q=11,https://player.iranseda.ir/downloadfile/?attid=310852&q=11"
374059,سلاخ خانه شماره پنج,,,,,,,,,,,,,,,,,https://player.iranseda.ir/picture?AttID=303438&s=c,https://book.iranseda.ir/Details?VALID=TRUE&g=374059&b=&attid=303438,https://player.iranseda.ir/downloadfile/?attid=303085&q=11,"https://player.iranseda.ir/downloadfile/?attid=301387&q=11,https://player.iranseda.ir/downloadfile/?attid=303085&q=11,https://player.iranseda.ir/downloadfile/?attid=299939&q=11,https://player.iranseda.ir/downloadfile/?attid=303079&q=11,https://player.iranseda.ir/downloadfile/?attid=303080&q=11,https://player.iranseda.ir/downloadfile/?attid=301117&q=11,https://player.iranseda.ir/downloadfile/?attid=303081&q=11,https://player.iranseda.ir/downloadfile/?attid=301219&q=11,https://player.iranseda.ir/downloadfile/?attid=303088&q=11,https://player.iranseda.ir/downloadfile/?attid=301405&q=11,https://player.iranseda.ir/downloadfile/?attid=301439&q=11,https://player.iranseda.ir/downloadfile/?attid=301436&q=11"
401878,دیوار,,,,,,,,,,,,,,,,,https://player.iranseda.ir/picture?AttID=316918&s=c,https://book.iranseda.ir/Details?VALID=TRUE&g=401878&b=&attid=316918,https://player.iranseda.ir/downloadfile/?attid=316532&q=11,"https://player.iranseda.ir/downloadfile/?attid=314947&q=11,https://player.iranseda.ir/downloadfile/?attid=316532&q=11,https://player.iranseda.ir/downloadfile/?attid=312851&q=11,https://player.iranseda.ir/downloadfile/?attid=316527&q=11,https://player.iranseda.ir/downloadfile/?attid=316528&q=11,https://player.iranseda.ir/downloadfile/?attid=316529&q=11,https://player.iranseda.ir/downloadfile/?attid=313734&q=11,https://player.iranseda.ir/downloadfile/?attid=313818&q=11,https://player.iranseda.ir/downloadfile/?attid=313819&q=11,https://player.iranseda.ir/downloadfile/?attid=316530&q=11"
381752,کورالین,,,,,,,,,,,,,,,,,https://player.iranseda.ir/picture?AttID=302974&s=c,https://book.iranseda.ir/Details?VALID=TRUE&g=381752&b=&attid=302974,https://player.iranseda.ir/downloadfile/?attid=302784&q=11,"https://player.iranseda.ir/downloadfile/?attid=297447&q=11,https://player.iranseda.ir/downloadfile/?attid=302784&q=11,https://player.iranseda.ir/downloadfile/?attid=297446&q=11,https://player.iranseda.ir/downloadfile/?attid=297433&q=11,https://player.iranseda.ir/downloadfile/?attid=297436&q=11,https://player.iranseda.ir/downloadfile/?attid=297444&q=11,https://player.iranseda.ir/downloadfile/?attid=297445&q=11"
322050,نگهبانان,,,,,,,,,,,,,,,,,https://player.iranseda.ir/picture?AttID=296435&s=c,https://book.iranseda.ir/Details?VALID=TRUE&g=322050&b=&attid=296435,https://player.iranseda.ir/downloadfile/?attid=296307&q=11,"https://player.iranseda.ir/downloadfile/?attid=291020&q=11,https://player.iranseda.ir/downloadfile/?attid=296307&q=11,https://player.iranseda.ir/downloadfile/?attid=290984&q=11,https://player.iranseda.ir/downloadfile/?attid=290987&q=11,https://player.iranseda.ir/downloadfile/?attid=290998&q=11,https://player.iranseda.ir/downloadfile/?attid=291008&q=11,https://player.iranseda.ir/downloadfile/?attid=291009&q=11,https://player.iranseda.ir/downloadfile/?attid=291010&q=11"
359709,مرد نامرئی,,,,,,,,,,,,,,,,,https://player.iranseda.ir/picture?AttID=292713&s=c,https://book.iranseda.ir/Details?VALID=TRUE&g=359709&b=&attid=292713,https://player.iranseda.ir/downloadfile/?attid=282941&q=11,"https://player.iranseda.ir/downloadfile/?attid=281302&q=11,https://player.iranseda.ir/downloadfile/?attid=282941&q=11,https://player.iranseda.ir/downloadfile/?attid=281298&q=11,https://player.iranseda.ir/downloadfile/?attid=281299&q=11,https://player.iranseda.ir/downloadfile/?attid=281300&q=11,https://player.iranseda.ir/downloadfile/?attid=281301&q=11"
356115,گرد جادویی,,,,,,,,,,,,,,,,,https://player.iranseda.ir/picture?AttID=290160&s=c,https://book.iranseda.ir/Details?VALID=TRUE&g=356115&b=&attid=290160,https://player.iranseda.ir/downloadfile/?attid=288312&q=11,"https://player.iranseda.ir/downloadfile/?attid=278746&q=11,https://player.iranseda.ir/downloadfile/?attid=288312&q=11,https://player.iranseda.ir/downloadfile/?attid=278747&q=11,https://player.iranseda.ir/downloadfile/?attid=278749&q=11,https://player.iranseda.ir/downloadfile/?attid=278750&q=11,https://player.iranseda.ir/downloadfile/?attid=278751&q=11"
356116,همیشه دوست می مونیم,,,,,,,,,,,,,,,,,https://player.iranseda.ir/picture?AttID=288785&s=c,https://book.iranseda.ir/Details?VALID=TRUE&g=356116&b=&attid=288785,https://player.iranseda.ir/downloadfile/?attid=282521&q=11,"https://player.iranseda.ir/downloadfile/?attid=278752&q=11,https://player.iranseda.ir/downloadfile/?attid=282521&q=11,https://player.iranseda.ir/downloadfile/?attid=278753&q=11,https://player.iranseda.ir/downloadfile/?attid=278754&q=11,https://player.iranseda.ir/downloadfile/?attid=278755&q=11,https://player.iranseda.ir/downloadfile/?attid=278756&q=11"
356113,جشن نیمه شب,,,,,,,,,,,,,,,,,https://player.iranseda.ir/picture?AttID=288783&s=c,https://book.iranseda.ir/Details?VALID=TRUE&g=356113&b=&attid=288783,https://player.iranseda.ir/downloadfile/?attid=282854&q=11,"https://player.iranseda.ir/downloadfile/?attid=278741&q=11,https://player.iranseda.ir/downloadfile/?attid=282854&q=11,https://player.iranseda.ir/downloadfile/?attid=278742&q=11,https://player.iranseda.ir/downloadfile/?attid=278743&q=11,https://player.iranseda.ir/downloadfile/?attid=278744&q=11,https://player.iranseda.ir/downloadfile/?attid=278745&q=11"
348763,پرواز تا بالا بالاها,,,,,,,,,,,,,,,,,https://player.iranseda.ir/picture?AttID=288784&s=c,https://book.iranseda.ir/Details?VALID=TRUE&g=348763&b=&attid=288784,https://player.iranseda.ir/downloadfile/?attid=282501&q=11,"https://player.iranseda.ir/downloadfile/?attid=278740&q=11,https://player.iranseda.ir/downloadfile/?attid=282501&q=11,https://player.iranseda.ir/downloadfile/?attid=278736&q=11,https://player.iranseda.ir/downloadfile/?attid=278737&q=11,https://player.iranseda.ir/downloadfile/?attid=281248&q=11,https://player.iranseda.ir/downloadfile/?attid=278739&q=11"
366903,رابینسون کروزوئه,,,,,,,,,,,,,,,,,https://player.iranseda.ir/picture?AttID=289346&s=c,https://book.iranseda.ir/Details?VALID=TRUE&g=366903&b=&attid=289346,https://player.iranseda.ir/downloadfile/?attid=288769&q=11,"https://player.iranseda.ir/downloadfile/?attid=286332&q=11,https://player.iranseda.ir/downloadfile/?attid=288769&q=11,https://player.iranseda.ir/downloadfile/?attid=286333&q=11,https://player.iranseda.ir/downloadfile/?attid=286334&q=11,https://player.iranseda.ir/downloadfile/?attid=286335&q=11,https://player.iranseda.ir/downloadfile/?attid=286336&q=11,https://player.iranseda.ir/downloadfile/?attid=286337&q=11,https://player.iranseda.ir/downloadfile/?attid=286338&q=11,https://player.iranseda.ir/downloadfile/?attid=286339&q=11"
374747,محافظان,,,,,,,,,,,,,,,,,https://player.iranseda.ir/picture?AttID=297111&s=c,https://book.iranseda.ir/Details?VALID=TRUE&g=374747&b=&attid=297111,https://player.iranseda.ir/downloadfile/?attid=296697&q=11,"https://player.iranseda.ir/downloadfile/?attid=291923&q=11,https://player.iranseda.ir/downloadfile/?attid=296697&q=11,https://player.iranseda.ir/downloadfile/?attid=291919&q=11,https://player.iranseda.ir/downloadfile/?attid=291921&q=11,https://player.iranseda.ir/downloadfile/?attid=291926&q=11,https://player.iranseda.ir/downloadfile/?attid=291929&q=11,https://player.iranseda.ir/downloadfile/?attid=291936&q=11,https://player.iranseda.ir/downloadfile/?attid=291939&q=11"
590113,پیروزی بر شب,,,,,,,,,,,,,,,,,https://player.iranseda.ir/picture?AttID=451856&s=c,https://book.iranseda.ir/Details?VALID=TRUE&g=590113&b=&attid=451856,https://player.iranseda.ir/downloadfile/?attid=453516&q=11,"https://player.iranseda.ir/downloadfile/?attid=451725&q=11,https://player.iranseda.ir/downloadfile/?attid=453516&q=11,https://player.iranseda.ir/downloadfile/?attid=453511&q=11,https://player.iranseda.ir/downloadfile/?attid=453512&q=11,https://player.iranseda.ir/downloadfile/?attid=453513&q=11,https://player.iranseda.ir/downloadfile/?attid=453514&q=11,https://player.iranseda.ir/downloadfile/?attid=453515&q=11"
356124,چارلی و کارخانه شکلات سازی,,,,,,,,,,,,,,,,,https://player.iranseda.ir/picture?AttID=280931&s=c,https://book.iranseda.ir/Details?VALID=TRUE&g=356124&b=&attid=280931,https://player.iranseda.ir/downloadfile/?attid=280601&q=11,"https://player.iranseda.ir/downloadfile/?attid=278789&q=11,https://player.iranseda.ir/downloadfile/?attid=280601&q=11,https://player.iranseda.ir/downloadfile/?attid=278791&q=11,https://player.iranseda.ir/downloadfile/?attid=278793&q=11,https://player.iranseda.ir/downloadfile/?attid=278794&q=11,https://player.iranseda.ir/downloadfile/?attid=280599&q=11,https://player.iranseda.ir/downloadfile/?attid=278796&q=11,https://player.iranseda.ir/downloadfile/?attid=278797&q=11,https://player.iranseda.ir/downloadfile/?attid=280600&q=11"
322003,سی و پنج کیلو امیدواری,,,,,,,,,,,,,,,,,https://player.iranseda.ir/picture?AttID=280246&s=c,https://book.iranseda.ir/Details?VALID=TRUE&g=322003&b=&attid=280246,https://player.iranseda.ir/downloadfile/?attid=279778&q=11,"https://player.iranseda.ir/downloadfile/?attid=274298&q=11,https://player.iranseda.ir/downloadfile/?attid=279778&q=11,https://player.iranseda.ir/downloadfile/?attid=274271&q=11,https://player.iranseda.ir/downloadfile/?attid=274273&q=11,https://player.iranseda.ir/downloadfile/?attid=274274&q=11"
332908,خواهران کوچک ایلوریا,,,,,,,,,,,,,,,,,https://player.iranseda.ir/picture?AttID=268433&s=c,https://book.iranseda.ir/Details?VALID=TRUE&g=332908&b=&attid=268433,https://player.iranseda.ir/downloadfile/?attid=267292&q=11,"https://player.iranseda.ir/downloadfile/?attid=261100&q=11,https://player.iranseda.ir/downloadfile/?attid=267292&q=11,https://player.iranseda.ir/downloadfile/?attid=261097&q=11,https://player.iranseda.ir/downloadfile/?attid=261098&q=11,https://player.iranseda.ir/downloadfile/?attid=261099&q=11,https://player.iranseda.ir/downloadfile/?attid=261102&q=11,https://player.iranseda.ir/downloadfile/?attid=261103&q=11,https://player.iranseda.ir/downloadfile/?attid=261104&q=11"
331949,قلب سگ,,,,,,,,,,,,,,,,,https://player.iranseda.ir/picture?AttID=264401&s=c,https://book.iranseda.ir/Details?VALID=TRUE&g=331949&b=&attid=264401,https://player.iranseda.ir/downloadfile/?attid=263846&q=11,"https://player.iranseda.ir/downloadfile/?attid=258851&q=11,https://player.iranseda.ir/downloadfile/?attid=263846&q=11,https://player.iranseda.ir/downloadfile/?attid=258861&q=11,https://player.iranseda.ir/downloadfile/?attid=258867&q=11,https://player.iranseda.ir/downloadfile/?attid=263843&q=11,https://player.iranseda.ir/downloadfile/?attid=258874&q=11"
323181,ما به خاطرتان می آوریم,,,,,,,,,,,,,,,,,https://player.iranseda.ir/picture?AttID=265150&s=c,https://book.iranseda.ir/Details?VALID=TRUE&g=323181&b=&attid=265150,https://player.iranseda.ir/downloadfile/?attid=264868&q=11,"https://player.iranseda.ir/downloadfile/?attid=253182&q=11,https://player.iranseda.ir/downloadfile/?attid=264868&q=11,https://player.iranseda.ir/downloadfile/?attid=264869&q=11,https://player.iranseda.ir/downloadfile/?attid=253183&q=11,https://player.iranseda.ir/downloadfile/?attid=253191&q=11"
331991,101 راه برای به ستوه آوردن پدر و مادرها,,,,,,,,,,,,,,,,,https://player.iranseda.ir/picture?AttID=316493&s=c,https://book.iranseda.ir/Details?VALID=TRUE&g=331991&b=&attid=316493,https://player.iranseda.ir/downloadfile/?attid=264009&q=11,"https://player.iranseda.ir/downloadfile/?attid=258888&q=11,https://player.iranseda.ir/downloadfile/?attid=264009&q=11,https://player.iranseda.ir/downloadfile/?attid=258886&q=11,https://player.iranseda.ir/downloadfile/?attid=258894&q=11,https://player.iranseda.ir/downloadfile/?attid=258895&q=11,https://player.iranseda.ir/downloadfile/?attid=258896&q=11,https://player.iranseda.ir/downloadfile/?attid=258897&q=11,https://player.iranseda.ir/downloadfile/?attid=258898&q=11,https://player.iranseda.ir/downloadfile/?attid=258899&q=11,https://player.iranseda.ir/downloadfile/?attid=258901&q=11,https://player.iranseda.ir/downloadfile/?attid=258902&q=11,https://player.iranseda.ir/downloadfile/?attid=258903&q=11"
323174,معادله‌ی محبوب پروفسور,,,,,,,,,,,,,,,,,https://player.iranseda.ir/picture?AttID=257819&s=c,https://book.iranseda.ir/Details?VALID=TRUE&g=323174&b=&attid=257819,https://player.iranseda.ir/downloadfile/?attid=256393&q=11,"https://player.iranseda.ir/downloadfile/?attid=252704&q=11,https://player.iranseda.ir/downloadfile/?attid=256393&q=11,https://player.iranseda.ir/downloadfile/?attid=252705&q=11,https://player.iranseda.ir/downloadfile/?attid=252706&q=11,https://player.iranseda.ir/downloadfile/?attid=252707&q=11,https://player.iranseda.ir/downloadfile/?attid=252708&q=11"
326716,,,,,,,,,,,,,,,,,,,,,
323073,پارازیت,,,,,,,,,,,,,,,,,https://player.iranseda.ir/picture?AttID=252952&s=c,https://book.iranseda.ir/Details?VALID=TRUE&g=323073&b=&attid=252952,https://player.iranseda.ir/downloadfile/?attid=252375&q=11,"https://player.iranseda.ir/downloadfile/?attid=250146&q=11,https://player.iranseda.ir/downloadfile/?attid=252375&q=11,https://player.iranseda.ir/downloadfile/?attid=250152&q=11,https://player.iranseda.ir/downloadfile/?attid=252374&q=11,https://player.iranseda.ir/downloadfile/?attid=250154&q=11,https://player.iranseda.ir/downloadfile/?attid=250155&q=11,https://player.iranseda.ir/downloadfile/?attid=250157&q=11,https://player.iranseda.ir/downloadfile/?attid=250158&q=11"
322617,,,,,,,,,,,,,,,,,,,,,
322623,,,,,,,,,,,,,,,,,,,,,
321432,افسانه های ملل- جلد پنجم,,,,,,,,,,,,,,,,,https://player.iranseda.ir/picture?AttID=252485&s=c,https://book.iranseda.ir/Details?VALID=TRUE&g=321432&b=&attid=252485,https://player.iranseda.ir/downloadfile/?attid=248652&q=11,"https://player.iranseda.ir/downloadfile/?attid=248630&q=11,https://player.iranseda.ir/downloadfile/?attid=248652&q=11,https://player.iranseda.ir/downloadfile/?attid=248629&q=11,https://player.iranseda.ir/downloadfile/?attid=248631&q=11"
320170,افسانه های ملل- جلد چهارم,,,,,,,,,,,,,,,,,https://player.iranseda.ir/picture?AttID=252475&s=c,https://book.iranseda.ir/Details?VALID=TRUE&g=320170&b=&attid=252475,https://player.iranseda.ir/downloadfile/?attid=247722&q=11,"https://player.iranseda.ir/downloadfile/?attid=247693&q=11,https://player.iranseda.ir/downloadfile/?attid=247722&q=11,https://player.iranseda.ir/downloadfile/?attid=247704&q=11,https://player.iranseda.ir/downloadfile/?attid=247720&q=11"
312883,افسانه های ملل,,,,,,,,,,,,,,,,,https://player.iranseda.ir/picture?AttID=244989&s=c,https://book.iranseda.ir/Details?VALID=TRUE&g=312883&b=&attid=244989,https://player.iranseda.ir/downloadfile/?attid=243307&q=11,"https://player.iranseda.ir/downloadfile/?attid=241056&q=11,https://player.iranseda.ir/downloadfile/?attid=243307&q=11,https://player.iranseda.ir/downloadfile/?attid=241077&q=11,https://player.iranseda.ir/downloadfile/?attid=241082&q=11"
312882,افسانه های ملل,,,,,,,,,,,,,,,,,https://player.iranseda.ir/picture?AttID=244982&s=c,https://book.iranseda.ir/Details?VALID=TRUE&g=312882&b=&attid=244982,https://player.iranseda.ir/downloadfile/?attid=244695&q=11,"https://player.iranseda.ir/downloadfile/?attid=244086&q=11,https://player.iranseda.ir/downloadfile/?attid=244695&q=11,https://player.iranseda.ir/downloadfile/?attid=244082&q=11,https://player.iranseda.ir/downloadfile/?attid=244087&q=11"
319605,چشمان تاریکی,,,,,,,,,,,,,,,,,https://player.iranseda.ir/picture?AttID=248521&s=c,https://book.iranseda.ir/Details?VALID=TRUE&g=319605&b=&attid=248521,https://player.iranseda.ir/downloadfile/?attid=247916&q=11,"https://player.iranseda.ir/downloadfile/?attid=247136&q=11,https://player.iranseda.ir/downloadfile/?attid=247916&q=11,https://player.iranseda.ir/downloadfile/?attid=247896&q=11,https://player.iranseda.ir/downloadfile/?attid=247131&q=11,https://player.iranseda.ir/downloadfile/?attid=247132&q=11,https://player.iranseda.ir/downloadfile/?attid=247134&q=11,https://player.iranseda.ir/downloadfile/?attid=247135&q=11"
308694,پیانیستی در تاریکی,,,,,,,,,,,,,,,,,https://player.iranseda.ir/picture?AttID=246935&s=c,https://book.iranseda.ir/Details?VALID=TRUE&g=308694&b=&attid=246935,https://player.iranseda.ir/downloadfile/?attid=244691&q=11,"https://player.iranseda.ir/downloadfile/?attid=244690&q=11,https://player.iranseda.ir/downloadfile/?attid=244691&q=11,https://player.iranseda.ir/downloadfile/?attid=241318&q=11,https://player.iranseda.ir/downloadfile/?attid=241319&q=11,https://player.iranseda.ir/downloadfile/?attid=242058&q=11,https://player.iranseda.ir/downloadfile/?attid=242059&q=11,https://player.iranseda.ir/downloadfile/?attid=242061&q=11"
307055,شاگرد قصاب,,,,,,,,,,,,,,,,,https://player.iranseda.ir/picture?AttID=260196&s=c,https://book.iranseda.ir/Details?VALID=TRUE&g=307055&b=&attid=260196,https://player.iranseda.ir/downloadfile/?attid=245059&q=11,"https://player.iranseda.ir/downloadfile/?attid=244684&q=11,https://player.iranseda.ir/downloadfile/?attid=245059&q=11,https://player.iranseda.ir/downloadfile/?attid=244681&q=11,https://player.iranseda.ir/downloadfile/?attid=244671&q=11,https://player.iranseda.ir/downloadfile/?attid=244676&q=11,https://player.iranseda.ir/downloadfile/?attid=245062&q=11,https://player.iranseda.ir/downloadfile/?attid=244678&q=11,https://player.iranseda.ir/downloadfile/?attid=244679&q=11,https://player.iranseda.ir/downloadfile/?attid=244680&q=11,https://player.iranseda.ir/downloadfile/?attid=244682&q=11,https://player.iranseda.ir/downloadfile/?attid=244683&q=11"
294875,مرگ ساز,,,,,,,,,,,,,,,,,https://player.iranseda.ir/picture?AttID=233585&s=c,https://book.iranseda.ir/Details?VALID=TRUE&g=294875&b=&attid=233585,https://player.iranseda.ir/downloadfile/?attid=233513&q=11,"https://player.iranseda.ir/downloadfile/?attid=228876&q=11,https://player.iranseda.ir/downloadfile/?attid=233513&q=11,https://player.iranseda.ir/downloadfile/?attid=228874&q=11,https://player.iranseda.ir/downloadfile/?attid=228877&q=11,https://player.iranseda.ir/downloadfile/?attid=233499&q=11,https://player.iranseda.ir/downloadfile/?attid=233504&q=11,https://player.iranseda.ir/downloadfile/?attid=233506&q=11"
312646,افسانه های ملل,,,,,,,,,,,,,,,,,https://player.iranseda.ir/picture?AttID=243996&s=c,https://book.iranseda.ir/Details?VALID=TRUE&g=312646&b=&attid=243996,https://player.iranseda.ir/downloadfile/?attid=240772&q=11,"https://player.iranseda.ir/downloadfile/?attid=240768&q=11,https://player.iranseda.ir/downloadfile/?attid=240772&q=11,https://player.iranseda.ir/downloadfile/?attid=240769&q=11,https://player.iranseda.ir/downloadfile/?attid=240770&q=11"
272405,ماجراهای حیرت انگیز بارون فون مونهاوزن,,,,,,,,,,,,,,,,,https://player.iranseda.ir/picture?AttID=234364&s=c,https://book.iranseda.ir/Details?VALID=TRUE&g=272405&b=&attid=234364,https://player.iranseda.ir/downloadfile/?attid=233408&q=11,"https://player.iranseda.ir/downloadfile/?attid=214535&q=11,https://player.iranseda.ir/downloadfile/?attid=233408&q=11,https://player.iranseda.ir/downloadfile/?attid=214533&q=11,https://player.iranseda.ir/downloadfile/?attid=214539&q=11,https://player.iranseda.ir/downloadfile/?attid=214536&q=11,https://player.iranseda.ir/downloadfile/?attid=214537&q=11,https://player.iranseda.ir/downloadfile/?attid=214538&q=11,https://player.iranseda.ir/downloadfile/?attid=214534&q=11"
305382,جیمز و هلوی غول پیکر,,,,,,,,,,,,,,,,,https://player.iranseda.ir/picture?AttID=238565&s=c,https://book.iranseda.ir/Details?VALID=TRUE&g=305382&b=&attid=238565,https://player.iranseda.ir/downloadfile/?attid=238441&q=11,"https://player.iranseda.ir/downloadfile/?attid=236747&q=11,https://player.iranseda.ir/downloadfile/?attid=238441&q=11,https://player.iranseda.ir/downloadfile/?attid=236746&q=11,https://player.iranseda.ir/downloadfile/?attid=237100&q=11,https://player.iranseda.ir/downloadfile/?attid=237104&q=11,https://player.iranseda.ir/downloadfile/?attid=237109&q=11,https://player.iranseda.ir/downloadfile/?attid=237110&q=11,https://player.iranseda.ir/downloadfile/?attid=237111&q=11,https://player.iranseda.ir/downloadfile/?attid=237118&q=11"
297579,جودی دکتر می شود,,,,,,,,,,,,,,,,,https://player.iranseda.ir/picture?AttID=231574&s=c,https://book.iranseda.ir/Details?VALID=TRUE&g=297579&b=&attid=231574,https://player.iranseda.ir/downloadfile/?attid=231197&q=11,"https://player.iranseda.ir/downloadfile/?attid=230336&q=11,https://player.iranseda.ir/downloadfile/?attid=231197&q=11,https://player.iranseda.ir/downloadfile/?attid=230337&q=11,https://player.iranseda.ir/downloadfile/?attid=230338&q=11,https://player.iranseda.ir/downloadfile/?attid=231194&q=11,https://player.iranseda.ir/downloadfile/?attid=230340&q=11,https://player.iranseda.ir/downloadfile/?attid=230341&q=11,https://player.iranseda.ir/downloadfile/?attid=231196&q=11"
297626,جودی انجمن مخفی تشکیل می دهد,,,,,,,,,,,,,,,,,https://player.iranseda.ir/picture?AttID=231297&s=c,https://book.iranseda.ir/Details?VALID=TRUE&g=297626&b=&attid=231297,https://player.iranseda.ir/downloadfile/?attid=231160&q=11,"https://player.iranseda.ir/downloadfile/?attid=230430&q=11,https://player.iranseda.ir/downloadfile/?attid=231160&q=11,https://player.iranseda.ir/downloadfile/?attid=230425&q=11,https://player.iranseda.ir/downloadfile/?attid=230426&q=11,https://player.iranseda.ir/downloadfile/?attid=230427&q=11,https://player.iranseda.ir/downloadfile/?attid=230428&q=11,https://player.iranseda.ir/downloadfile/?attid=230429&q=11"
295398,جودی آینده را پیشگویی می کند,,,,,,,,,,,,,,,,,https://player.iranseda.ir/picture?AttID=231362&s=c,https://book.iranseda.ir/Details?VALID=TRUE&g=295398&b=&attid=231362,https://player.iranseda.ir/downloadfile/?attid=230191&q=11,"https://player.iranseda.ir/downloadfile/?attid=228879&q=11,https://player.iranseda.ir/downloadfile/?attid=230191&q=11,https://player.iranseda.ir/downloadfile/?attid=228880&q=11,https://player.iranseda.ir/downloadfile/?attid=228882&q=11,https://player.iranseda.ir/downloadfile/?attid=228883&q=11,https://player.iranseda.ir/downloadfile/?attid=228885&q=11"
292588,باد، نه بادی,,,,,,,,,,,,,,,,,https://player.iranseda.ir/picture?AttID=228124&s=c,https://book.iranseda.ir/Details?VALID=TRUE&g=292588&b=&attid=228124,https://player.iranseda.ir/downloadfile/?attid=227948&q=11,"https://player.iranseda.ir/downloadfile/?attid=226716&q=11,https://player.iranseda.ir/downloadfile/?attid=227948&q=11,https://player.iranseda.ir/downloadfile/?attid=226719&q=11,https://player.iranseda.ir/downloadfile/?attid=226720&q=11,https://player.iranseda.ir/downloadfile/?attid=226721&q=11,https://player.iranseda.ir/downloadfile/?attid=226722&q=11,https://player.iranseda.ir/downloadfile/?attid=226723&q=11,https://player.iranseda.ir/downloadfile/?attid=226724&q=11"
290256,ماهی توی درخت,,,,,,,,,,,,,,,,,https://player.iranseda.ir/picture?AttID=225798&s=c,https://book.iranseda.ir/Details?VALID=TRUE&g=290256&b=&attid=225798,https://player.iranseda.ir/downloadfile/?attid=225615&q=11,"https://player.iranseda.ir/downloadfile/?attid=225613&q=11,https://player.iranseda.ir/downloadfile/?attid=225615&q=11,https://player.iranseda.ir/downloadfile/?attid=224984&q=11,https://player.iranseda.ir/downloadfile/?attid=224985&q=11,https://player.iranseda.ir/downloadfile/?attid=224986&q=11,https://player.iranseda.ir/downloadfile/?attid=224987&q=11,https://player.iranseda.ir/downloadfile/?attid=224988&q=11,https://player.iranseda.ir/downloadfile/?attid=224989&q=11,https://player.iranseda.ir/downloadfile/?attid=224990&q=11,https://player.iranseda.ir/downloadfile/?attid=224991&q=11,https://player.iranseda.ir/downloadfile/?attid=224992&q=11,https://player.iranseda.ir/downloadfile/?attid=224993&q=11,https://player.iranseda.ir/downloadfile/?attid=224994&q=11,https://player.iranseda.ir/downloadfile/?attid=225614&q=11"
287316,فارست گامپ,,,,,,,,,,,,,,,,,https://player.iranseda.ir/picture?AttID=223712&s=c,https://book.iranseda.ir/Details?VALID=TRUE&g=287316&b=&attid=223712,https://player.iranseda.ir/downloadfile/?attid=223265&q=11,"https://player.iranseda.ir/downloadfile/?attid=222722&q=11,https://player.iranseda.ir/downloadfile/?attid=223265&q=11,https://player.iranseda.ir/downloadfile/?attid=223259&q=11,https://player.iranseda.ir/downloadfile/?attid=223260&q=11,https://player.iranseda.ir/downloadfile/?attid=223262&q=11,https://player.iranseda.ir/downloadfile/?attid=222726&q=11,https://player.iranseda.ir/downloadfile/?attid=223264&q=11,https://player.iranseda.ir/downloadfile/?attid=222728&q=11,https://player.iranseda.ir/downloadfile/?attid=222729&q=11,https://player.iranseda.ir/downloadfile/?attid=222730&q=11,https://player.iranseda.ir/downloadfile/?attid=222731&q=11,https://player.iranseda.ir/downloadfile/?attid=223267&q=11"
276801,جودی مشهور می شود,,,,,,,,,,,,,,,,,https://player.iranseda.ir/picture?AttID=220372&s=c,https://book.iranseda.ir/Details?VALID=TRUE&g=276801&b=&attid=220372,https://player.iranseda.ir/downloadfile/?attid=220053&q=11,"https://player.iranseda.ir/downloadfile/?attid=217162&q=11,https://player.iranseda.ir/downloadfile/?attid=220053&q=11,https://player.iranseda.ir/downloadfile/?attid=217166&q=11,https://player.iranseda.ir/downloadfile/?attid=220052&q=11,https://player.iranseda.ir/downloadfile/?attid=217171&q=11,https://player.iranseda.ir/downloadfile/?attid=217175&q=11"
272419,درون یک آینه درون یک معما,,,,,,,,,,,,,,,,,https://player.iranseda.ir/picture?AttID=217690&s=c,https://book.iranseda.ir/Details?VALID=TRUE&g=272419&b=&attid=217690,https://player.iranseda.ir/downloadfile/?attid=217062&q=11,"https://player.iranseda.ir/downloadfile/?attid=215814&q=11,https://player.iranseda.ir/downloadfile/?attid=217062&q=11,https://player.iranseda.ir/downloadfile/?attid=215815&q=11,https://player.iranseda.ir/downloadfile/?attid=217058&q=11,https://player.iranseda.ir/downloadfile/?attid=217059&q=11,https://player.iranseda.ir/downloadfile/?attid=217061&q=11,https://player.iranseda.ir/downloadfile/?attid=215819&q=11"
269278,کارتونیست,,,,,,,,,,,,,,,,,https://player.iranseda.ir/picture?AttID=216579&s=c,https://book.iranseda.ir/Details?VALID=TRUE&g=269278&b=&attid=216579,https://player.iranseda.ir/downloadfile/?attid=216326&q=11,"https://player.iranseda.ir/downloadfile/?attid=212337&q=11,https://player.iranseda.ir/downloadfile/?attid=216326&q=11,https://player.iranseda.ir/downloadfile/?attid=212339&q=11,https://player.iranseda.ir/downloadfile/?attid=212341&q=11,https://player.iranseda.ir/downloadfile/?attid=216324&q=11"
248537,بازیکن شماره یک آماده,,,,,,,,,,,,,,,,,https://player.iranseda.ir/picture?AttID=197079&s=c,https://book.iranseda.ir/Details?VALID=TRUE&g=248537&b=&attid=197079,https://player.iranseda.ir/downloadfile/?attid=197161&q=11,"https://player.iranseda.ir/downloadfile/?attid=197397&q=11,https://player.iranseda.ir/downloadfile/?attid=197161&q=11,https://player.iranseda.ir/downloadfile/?attid=195844&q=11,https://player.iranseda.ir/downloadfile/?attid=195751&q=11,https://player.iranseda.ir/downloadfile/?attid=195752&q=11,https://player.iranseda.ir/downloadfile/?attid=195753&q=11,https://player.iranseda.ir/downloadfile/?attid=196722&q=11,https://player.iranseda.ir/downloadfile/?attid=196724&q=11,https://player.iranseda.ir/downloadfile/?attid=196726&q=11,https://player.iranseda.ir/downloadfile/?attid=195757&q=11,https://player.iranseda.ir/downloadfile/?attid=195758&q=11,https://player.iranseda.ir/downloadfile/?attid=196727&q=11,https://player.iranseda.ir/downloadfile/?attid=195761&q=11"
245820,هری پاتر و زندانی آزکابان,,,,,,,,,,,,,,,,,https://player.iranseda.ir/picture?AttID=196255&s=c,https://book.iranseda.ir/Details?VALID=TRUE&g=245820&b=&attid=196255,https://player.iranseda.ir/downloadfile/?attid=196060&q=11,"https://player.iranseda.ir/downloadfile/?attid=196056&q=11,https://player.iranseda.ir/downloadfile/?attid=196060&q=11,https://player.iranseda.ir/downloadfile/?attid=194087&q=11,https://player.iranseda.ir/downloadfile/?attid=194088&q=11,https://player.iranseda.ir/downloadfile/?attid=194089&q=11,https://player.iranseda.ir/downloadfile/?attid=194090&q=11,https://player.iranseda.ir/downloadfile/?attid=196058&q=11"
233761,ویکنت دو نیم شده,,,,,,,,,,,,,,,,,https://player.iranseda.ir/picture?AttID=184088&s=c,https://book.iranseda.ir/Details?VALID=TRUE&g=233761&b=&attid=184088,https://player.iranseda.ir/downloadfile/?attid=186029&q=11,"https://player.iranseda.ir/downloadfile/?attid=183676&q=11,https://player.iranseda.ir/downloadfile/?attid=186029&q=11,https://player.iranseda.ir/downloadfile/?attid=183576&q=11,https://player.iranseda.ir/downloadfile/?attid=183577&q=11,https://player.iranseda.ir/downloadfile/?attid=183578&q=11"
222445,دنیای قشنگ نو,,,,,,,,,,,,,,,,,https://player.iranseda.ir/picture?AttID=186425&s=c,https://book.iranseda.ir/Details?VALID=TRUE&g=222445&b=&attid=186425,https://player.iranseda.ir/downloadfile/?attid=186025&q=11,"https://player.iranseda.ir/downloadfile/?attid=181631&q=11,https://player.iranseda.ir/downloadfile/?attid=186025&q=11,https://player.iranseda.ir/downloadfile/?attid=186014&q=11,https://player.iranseda.ir/downloadfile/?attid=186016&q=11,https://player.iranseda.ir/downloadfile/?attid=186019&q=11,https://player.iranseda.ir/downloadfile/?attid=181501&q=11,https://player.iranseda.ir/downloadfile/?attid=186021&q=11,https://player.iranseda.ir/downloadfile/?attid=186024&q=11,https://player.iranseda.ir/downloadfile/?attid=181504&q=11,https://player.iranseda.ir/downloadfile/?attid=181505&q=11"
217319,دمی درنگ می‌کنم,,,,,,,,,,,,,,,,,https://player.iranseda.ir/picture?AttID=176730&s=c,https://book.iranseda.ir/Details?VALID=TRUE&g=217319&b=&attid=176730,https://player.iranseda.ir/downloadfile/?attid=176854&q=11,"https://player.iranseda.ir/downloadfile/?attid=172625&q=11,https://player.iranseda.ir/downloadfile/?attid=176854&q=11,https://player.iranseda.ir/downloadfile/?attid=172624&q=11,https://player.iranseda.ir/downloadfile/?attid=172626&q=11,https://player.iranseda.ir/downloadfile/?attid=172627&q=11,https://player.iranseda.ir/downloadfile/?attid=172628&q=11,https://player.iranseda.ir/downloadfile/?attid=172629&q=11,https://player.iranseda.ir/downloadfile/?attid=172630&q=11,https://player.iranseda.ir/downloadfile/?attid=172631&q=11"
83491,راز تولد,,,,,,,,,,,,,,,,,https://player.iranseda.ir/picture?AttID=75790&s=c,https://book.iranseda.ir/Details?VALID=TRUE&g=83491&b=&attid=75790,https://player.iranseda.ir/downloadfile/?attid=75692&q=11,"https://player.iranseda.ir/downloadfile/?attid=75351&q=11,https://player.iranseda.ir/downloadfile/?attid=75692&q=11,https://player.iranseda.ir/downloadfile/?attid=75352&q=11,https://player.iranseda.ir/downloadfile/?attid=75353&q=11"
54348,مجموعه آثار ری بردبری,,,,,,,,,,,,,,,,,https://player.iranseda.ir/picture?AttID=71035&s=c,https://book.iranseda.ir/Details?VALID=TRUE&g=54348&b=&attid=71035,https://player.iranseda.ir/downloadfile/?attid=69240&q=11,"https://player.iranseda.ir/downloadfile/?attid=62013&q=11,https://player.iranseda.ir/downloadfile/?attid=69240&q=11,https://player.iranseda.ir/downloadfile/?attid=62014&q=11,https://player.iranseda.ir/downloadfile/?attid=62015&q=11,https://player.iranseda.ir/downloadfile/?attid=62016&q=11,https://player.iranseda.ir/downloadfile/?attid=62017&q=11,https://player.iranseda.ir/downloadfile/?attid=62018&q=11,https://player.iranseda.ir/downloadfile/?attid=69736&q=11"
76952,ماجرای بی مانند شخصی به نام هانس فال,,,,,,,,,,,,,,,,,https://player.iranseda.ir/picture?AttID=79372&s=c,https://book.iranseda.ir/Details?VALID=TRUE&g=76952&b=&attid=79372,https://player.iranseda.ir/downloadfile/?attid=73075&q=11,"https://player.iranseda.ir/downloadfile/?attid=69244&q=11,https://player.iranseda.ir/downloadfile/?attid=73075&q=11,https://player.iranseda.ir/downloadfile/?attid=69805&q=11,https://player.iranseda.ir/downloadfile/?attid=69219&q=11,https://player.iranseda.ir/downloadfile/?attid=69233&q=11,https://player.iranseda.ir/downloadfile/?attid=69235&q=11,https://player.iranseda.ir/downloadfile/?attid=69241&q=11,https://player.iranseda.ir/downloadfile/?attid=69247&q=11,https://player.iranseda.ir/downloadfile/?attid=69278&q=11"
47112,کهکشانی‌ها,,,,,,,,,,,,,,,,,https://player.iranseda.ir/picture?AttID=61984&s=c,https://book.iranseda.ir/Details?VALID=TRUE&g=47112&b=&attid=61984,https://player.iranseda.ir/downloadfile/?attid=50630&q=11,"https://player.iranseda.ir/downloadfile/?attid=42418&q=11,https://player.iranseda.ir/downloadfile/?attid=50630&q=11,https://player.iranseda.ir/downloadfile/?attid=50615&q=11,https://player.iranseda.ir/downloadfile/?attid=50616&q=11,https://player.iranseda.ir/downloadfile/?attid=50617&q=11,https://player.iranseda.ir/downloadfile/?attid=50618&q=11,https://player.iranseda.ir/downloadfile/?attid=50619&q=11,https://player.iranseda.ir/downloadfile/?attid=50620&q=11,https://player.iranseda.ir/downloadfile/?attid=50621&q=11"
74687,آیا آدم مصنوعی‌ ها خواب گوسفند برقی می‌ بینند؟,,,,,,,,,,,,,,,,,https://player.iranseda.ir/picture?AttID=71334&s=c,https://book.iranseda.ir/Details?VALID=TRUE&g=74687&b=&attid=71334,https://player.iranseda.ir/downloadfile/?attid=68165&q=11,"https://player.iranseda.ir/downloadfile/?attid=68160&q=11,https://player.iranseda.ir/downloadfile/?attid=68165&q=11,https://player.iranseda.ir/downloadfile/?attid=68162&q=11,https://player.iranseda.ir/downloadfile/?attid=68163&q=11,https://player.iranseda.ir/downloadfile/?attid=68164&q=11"
74675,کروکودیل,,,,,,,,,,,,,,,,,https://player.iranseda.ir/picture?AttID=68925&s=c,https://book.iranseda.ir/Details?VALID=TRUE&g=74675&b=&attid=68925,https://player.iranseda.ir/downloadfile/?attid=68036&q=11,"https://player.iranseda.ir/downloadfile/?attid=68033&q=11,https://player.iranseda.ir/downloadfile/?attid=68036&q=11,https://player.iranseda.ir/downloadfile/?attid=68037&q=11,https://player.iranseda.ir/downloadfile/?attid=68038&q=11"
70982,مسخ,,,,,,,,,,,,,,,,,https://player.iranseda.ir/picture?AttID=67731&s=c,https://book.iranseda.ir/Details?VALID=TRUE&g=70982&b=&attid=67731,https://player.iranseda.ir/downloadfile/?attid=65501&q=11,"https://player.iranseda.ir/downloadfile/?attid=65489&q=11,https://player.iranseda.ir/downloadfile/?attid=65501&q=11,https://player.iranseda.ir/downloadfile/?attid=65490&q=11,https://player.iranseda.ir/downloadfile/?attid=65491&q=11,https://player.iranseda.ir/downloadfile/?attid=65493&q=11,https://player.iranseda.ir/downloadfile/?attid=65494&q=11,https://player.iranseda.ir/downloadfile/?attid=65495&q=11,https://player.iranseda.ir/downloadfile/?attid=65545&q=11"
48859,فرستاده‌‎ای از نایت ساید,,,,,,,,,,,,,,,,,https://player.iranseda.ir/picture?AttID=59440&s=c,https://book.iranseda.ir/Details?VALID=TRUE&g=48859&b=&attid=59440,https://player.iranseda.ir/downloadfile/?attid=47835&q=11,"https://player.iranseda.ir/downloadfile/?attid=43783&q=11,https://player.iranseda.ir/downloadfile/?attid=47835&q=11,https://player.iranseda.ir/downloadfile/?attid=43671&q=11,https://player.iranseda.ir/downloadfile/?attid=43672&q=11,https://player.iranseda.ir/downloadfile/?attid=43746&q=11,https://player.iranseda.ir/downloadfile/?attid=43747&q=11,https://player.iranseda.ir/downloadfile/?attid=43750&q=11,https://player.iranseda.ir/downloadfile/?attid=43751&q=11"
50214,مگس,,,,,,,,,,,,,,,,,https://player.iranseda.ir/picture?AttID=65160&s=c,https://book.iranseda.ir/Details?VALID=TRUE&g=50214&b=&attid=65160,https://player.iranseda.ir/downloadfile/?attid=53783&q=11,"https://player.iranseda.ir/downloadfile/?attid=46363&q=11,https://player.iranseda.ir/downloadfile/?attid=53783&q=11,https://player.iranseda.ir/downloadfile/?attid=52455&q=11,https://player.iranseda.ir/downloadfile/?attid=53771&q=11,https://player.iranseda.ir/downloadfile/?attid=53772&q=11,https://player.iranseda.ir/downloadfile/?attid=53773&q=11,https://player.iranseda.ir/downloadfile/?attid=53774&q=11"
35059,پارک ژوراسیک,,,,,,,,,,,,,,,,,https://player.iranseda.ir/picture?AttID=37043&s=c,https://book.iranseda.ir/Details?VALID=TRUE&g=35059&b=&attid=37043,https://player.iranseda.ir/downloadfile/?attid=34389&q=11,"https://player.iranseda.ir/downloadfile/?attid=34389&q=11,https://player.iranseda.ir/downloadfile/?attid=30803&q=11,https://player.iranseda.ir/downloadfile/?attid=30806&q=11"
35638,گزارش اقلیت,,,,,,,,,,,,,,,,,https://player.iranseda.ir/picture?AttID=41162&s=c,https://book.iranseda.ir/Details?VALID=TRUE&g=35638&b=&attid=41162,https://player.iranseda.ir/downloadfile/?attid=37907&q=11,https://player.iranseda.ir/downloadfile/?attid=37907&q=11
38827,,,,,,,,,,,,,,,,,,,,,
32439,دل سگ,,,,,,,,,,,,,,,,,https://player.iranseda.ir/picture?AttID=42067&s=c,https://book.iranseda.ir/Details?VALID=TRUE&g=32439&b=&attid=42067,https://player.iranseda.ir/downloadfile/?attid=41573&q=11,"https://player.iranseda.ir/downloadfile/?attid=98786&q=11,https://player.iranseda.ir/downloadfile/?attid=41573&q=11,https://player.iranseda.ir/downloadfile/?attid=31790&q=11,https://player.iranseda.ir/downloadfile/?attid=31791&q=11,https://player.iranseda.ir/downloadfile/?attid=31792&q=11,https://player.iranseda.ir/downloadfile/?attid=31793&q=11,https://player.iranseda.ir/downloadfile/?attid=31794&q=11"
32056,ابداع مورل,,,,,,,,,,,,,,,,,https://player.iranseda.ir/picture?AttID=37594&s=c,https://book.iranseda.ir/Details?VALID=TRUE&g=32056&b=&attid=37594,,
