AudioBook_ID,URL
674800,https://book.iranseda.ir/DetailsAlbum/?VALID=TRUE&g=674800
680329,https://book.iranseda.ir/DetailsAlbum/?VALID=TRUE&g=680329
669753,https://book.iranseda.ir/DetailsAlbum/?VALID=TRUE&g=669753
622868,https://book.iranseda.ir/DetailsAlbum/?VALID=TRUE&g=622868
595310,https://book.iranseda.ir/DetailsAlbum/?VALID=TRUE&g=595310
582962,https://book.iranseda.ir/DetailsAlbum/?VALID=TRUE&g=582962
614132,https://book.iranseda.ir/DetailsAlbum/?VALID=TRUE&g=614132
608643,https://book.iranseda.ir/DetailsAlbum/?VALID=TRUE&g=608643
608350,https://book.iranseda.ir/DetailsAlbum/?VALID=TRUE&g=608350
606072,https://book.iranseda.ir/DetailsAlbum/?VALID=TRUE&g=606072
601783,https://book.iranseda.ir/DetailsAlbum/?VALID=TRUE&g=601783
598602,https://book.iranseda.ir/DetailsAlbum/?VALID=TRUE&g=598602
592539,https://book.iranseda.ir/DetailsAlbum/?VALID=TRUE&g=592539
525847,https://book.iranseda.ir/DetailsAlbum/?VALID=TRUE&g=525847
551611,https://book.iranseda.ir/DetailsAlbum/?VALID=TRUE&g=551611
563520,https://book.iranseda.ir/DetailsAlbum/?VALID=TRUE&g=563520
569115,https://book.iranseda.ir/DetailsAlbum/?VALID=TRUE&g=569115
558508,https://book.iranseda.ir/DetailsAlbum/?VALID=TRUE&g=558508
556279,https://book.iranseda.ir/DetailsAlbum/?VALID=TRUE&g=556279
554203,https://book.iranseda.ir/DetailsAlbum/?VALID=TRUE&g=554203
551846,https://book.iranseda.ir/DetailsAlbum/?VALID=TRUE&g=551846
545240,https://book.iranseda.ir/DetailsAlbum/?VALID=TRUE&g=545240
537047,https://book.iranseda.ir/DetailsAlbum/?VALID=TRUE&g=537047
536546,https://book.iranseda.ir/DetailsAlbum/?VALID=TRUE&g=536546
525862,https://book.iranseda.ir/DetailsAlbum/?VALID=TRUE&g=525862
541144,https://book.iranseda.ir/DetailsAlbum/?VALID=TRUE&g=541144
528622,https://book.iranseda.ir/DetailsAlbum/?VALID=TRUE&g=528622
528174,https://book.iranseda.ir/DetailsAlbum/?VALID=TRUE&g=528174
529563,https://book.iranseda.ir/DetailsAlbum/?VALID=TRUE&g=529563
513191,https://book.iranseda.ir/DetailsAlbum/?VALID=TRUE&g=513191
507839,https://book.iranseda.ir/DetailsAlbum/?VALID=TRUE&g=507839
448908,https://book.iranseda.ir/DetailsAlbum/?VALID=TRUE&g=448908
515306,https://book.iranseda.ir/DetailsAlbum/?VALID=TRUE&g=515306
511732,https://book.iranseda.ir/DetailsAlbum/?VALID=TRUE&g=511732
507801,https://book.iranseda.ir/DetailsAlbum/?VALID=TRUE&g=507801
507922,https://book.iranseda.ir/DetailsAlbum/?VALID=TRUE&g=507922
492843,https://book.iranseda.ir/DetailsAlbum/?VALID=TRUE&g=492843
456710,https://book.iranseda.ir/DetailsAlbum/?VALID=TRUE&g=456710
469772,https://book.iranseda.ir/DetailsAlbum/?VALID=TRUE&g=469772
465557,https://book.iranseda.ir/DetailsAlbum/?VALID=TRUE&g=465557
487113,https://book.iranseda.ir/DetailsAlbum/?VALID=TRUE&g=487113
469653,https://book.iranseda.ir/DetailsAlbum/?VALID=TRUE&g=469653
471058,https://book.iranseda.ir/DetailsAlbum/?VALID=TRUE&g=471058
471927,https://book.iranseda.ir/DetailsAlbum/?VALID=TRUE&g=471927
459593,https://book.iranseda.ir/DetailsAlbum/?VALID=TRUE&g=459593
465146,https://book.iranseda.ir/DetailsAlbum/?VALID=TRUE&g=465146
459372,https://book.iranseda.ir/DetailsAlbum/?VALID=TRUE&g=459372
452141,https://book.iranseda.ir/DetailsAlbum/?VALID=TRUE&g=452141
430086,https://book.iranseda.ir/DetailsAlbum/?VALID=TRUE&g=430086
444972,https://book.iranseda.ir/DetailsAlbum/?VALID=TRUE&g=444972
432469,https://book.iranseda.ir/DetailsAlbum/?VALID=TRUE&g=432469
432454,https://book.iranseda.ir/DetailsAlbum/?VALID=TRUE&g=432454
423571,https://book.iranseda.ir/DetailsAlbum/?VALID=TRUE&g=423571
443562,https://book.iranseda.ir/DetailsAlbum/?VALID=TRUE&g=443562
420485,https://book.iranseda.ir/DetailsAlbum/?VALID=TRUE&g=420485
430556,https://book.iranseda.ir/DetailsAlbum/?VALID=TRUE&g=430556
436023,https://book.iranseda.ir/DetailsAlbum/?VALID=TRUE&g=436023
432456,https://book.iranseda.ir/DetailsAlbum/?VALID=TRUE&g=432456
420437,https://book.iranseda.ir/DetailsAlbum/?VALID=TRUE&g=420437
429541,https://book.iranseda.ir/DetailsAlbum/?VALID=TRUE&g=429541
427347,https://book.iranseda.ir/DetailsAlbum/?VALID=TRUE&g=427347
429019,https://book.iranseda.ir/DetailsAlbum/?VALID=TRUE&g=429019
414114,https://book.iranseda.ir/DetailsAlbum/?VALID=TRUE&g=414114
419271,https://book.iranseda.ir/DetailsAlbum/?VALID=TRUE&g=419271
416673,https://book.iranseda.ir/DetailsAlbum/?VALID=TRUE&g=416673
412197,https://book.iranseda.ir/DetailsAlbum/?VALID=TRUE&g=412197
417654,https://book.iranseda.ir/DetailsAlbum/?VALID=TRUE&g=417654
419013,https://book.iranseda.ir/DetailsAlbum/?VALID=TRUE&g=419013
417659,https://book.iranseda.ir/DetailsAlbum/?VALID=TRUE&g=417659
408211,https://book.iranseda.ir/DetailsAlbum/?VALID=TRUE&g=408211
406978,https://book.iranseda.ir/DetailsAlbum/?VALID=TRUE&g=406978
393431,https://book.iranseda.ir/DetailsAlbum/?VALID=TRUE&g=393431
374059,https://book.iranseda.ir/DetailsAlbum/?VALID=TRUE&g=374059
401878,https://book.iranseda.ir/DetailsAlbum/?VALID=TRUE&g=401878
381752,https://book.iranseda.ir/DetailsAlbum/?VALID=TRUE&g=381752
322050,https://book.iranseda.ir/DetailsAlbum/?VALID=TRUE&g=322050
359709,https://book.iranseda.ir/DetailsAlbum/?VALID=TRUE&g=359709
356115,https://book.iranseda.ir/DetailsAlbum/?VALID=TRUE&g=356115
356116,https://book.iranseda.ir/DetailsAlbum/?VALID=TRUE&g=356116
356113,https://book.iranseda.ir/DetailsAlbum/?VALID=TRUE&g=356113
348763,https://book.iranseda.ir/DetailsAlbum/?VALID=TRUE&g=348763
366903,https://book.iranseda.ir/DetailsAlbum/?VALID=TRUE&g=366903
374747,https://book.iranseda.ir/DetailsAlbum/?VALID=TRUE&g=374747
590113,https://book.iranseda.ir/DetailsAlbum/?VALID=TRUE&g=590113
356124,https://book.iranseda.ir/DetailsAlbum/?VALID=TRUE&g=356124
322003,https://book.iranseda.ir/DetailsAlbum/?VALID=TRUE&g=322003
332908,https://book.iranseda.ir/DetailsAlbum/?VALID=TRUE&g=332908
331949,https://book.iranseda.ir/DetailsAlbum/?VALID=TRUE&g=331949
323181,https://book.iranseda.ir/DetailsAlbum/?VALID=TRUE&g=323181
331991,https://book.iranseda.ir/DetailsAlbum/?VALID=TRUE&g=331991
323174,https://book.iranseda.ir/DetailsAlbum/?VALID=TRUE&g=323174
326716,https://book.iranseda.ir/DetailsAlbum/?VALID=TRUE&g=326716
323073,https://book.iranseda.ir/DetailsAlbum/?VALID=TRUE&g=323073
322617,https://book.iranseda.ir/DetailsAlbum/?VALID=TRUE&g=322617
322623,https://book.iranseda.ir/DetailsAlbum/?VALID=TRUE&g=322623
321432,https://book.iranseda.ir/DetailsAlbum/?VALID=TRUE&g=321432
320170,https://book.iranseda.ir/DetailsAlbum/?VALID=TRUE&g=320170
312883,https://book.iranseda.ir/DetailsAlbum/?VALID=TRUE&g=312883
312882,https://book.iranseda.ir/DetailsAlbum/?VALID=TRUE&g=312882
319605,https://book.iranseda.ir/DetailsAlbum/?VALID=TRUE&g=319605
308694,https://book.iranseda.ir/DetailsAlbum/?VALID=TRUE&g=308694
307055,https://book.iranseda.ir/DetailsAlbum/?VALID=TRUE&g=307055
294875,https://book.iranseda.ir/DetailsAlbum/?VALID=TRUE&g=294875
312646,https://book.iranseda.ir/DetailsAlbum/?VALID=TRUE&g=312646
272405,https://book.iranseda.ir/DetailsAlbum/?VALID=TRUE&g=272405
305382,https://book.iranseda.ir/DetailsAlbum/?VALID=TRUE&g=305382
297579,https://book.iranseda.ir/DetailsAlbum/?VALID=TRUE&g=297579
297626,https://book.iranseda.ir/DetailsAlbum/?VALID=TRUE&g=297626
295398,https://book.iranseda.ir/DetailsAlbum/?VALID=TRUE&g=295398
292588,https://book.iranseda.ir/DetailsAlbum/?VALID=TRUE&g=292588
290256,https://book.iranseda.ir/DetailsAlbum/?VALID=TRUE&g=290256
287316,https://book.iranseda.ir/DetailsAlbum/?VALID=TRUE&g=287316
276801,https://book.iranseda.ir/DetailsAlbum/?VALID=TRUE&g=276801
272419,https://book.iranseda.ir/DetailsAlbum/?VALID=TRUE&g=272419
269278,https://book.iranseda.ir/DetailsAlbum/?VALID=TRUE&g=269278
248537,https://book.iranseda.ir/DetailsAlbum/?VALID=TRUE&g=248537
245820,https://book.iranseda.ir/DetailsAlbum/?VALID=TRUE&g=245820
233761,https://book.iranseda.ir/DetailsAlbum/?VALID=TRUE&g=233761
222445,https://book.iranseda.ir/DetailsAlbum/?VALID=TRUE&g=222445
217319,https://book.iranseda.ir/DetailsAlbum/?VALID=TRUE&g=217319
196715,https://book.iranseda.ir/DetailsAlbum/?VALID=TRUE&g=196715
190752,https://book.iranseda.ir/DetailsAlbum/?VALID=TRUE&g=190752
176277,https://book.iranseda.ir/DetailsAlbum/?VALID=TRUE&g=176277
79914,https://book.iranseda.ir/DetailsAlbum/?VALID=TRUE&g=79914
172305,https://book.iranseda.ir/DetailsAlbum/?VALID=TRUE&g=172305
140282,https://book.iranseda.ir/DetailsAlbum/?VALID=TRUE&g=140282
159197,https://book.iranseda.ir/DetailsAlbum/?VALID=TRUE&g=159197
150669,https://book.iranseda.ir/DetailsAlbum/?VALID=TRUE&g=150669
124243,https://book.iranseda.ir/DetailsAlbum/?VALID=TRUE&g=124243
140049,https://book.iranseda.ir/DetailsAlbum/?VALID=TRUE&g=140049
60692,https://book.iranseda.ir/DetailsAlbum/?VALID=TRUE&g=60692
83619,https://book.iranseda.ir/DetailsAlbum/?VALID=TRUE&g=83619
79915,https://book.iranseda.ir/DetailsAlbum/?VALID=TRUE&g=79915
110596,https://book.iranseda.ir/DetailsAlbum/?VALID=TRUE&g=110596
81667,https://book.iranseda.ir/DetailsAlbum/?VALID=TRUE&g=81667
96556,https://book.iranseda.ir/DetailsAlbum/?VALID=TRUE&g=96556
61088,https://book.iranseda.ir/DetailsAlbum/?VALID=TRUE&g=61088
62295,https://book.iranseda.ir/DetailsAlbum/?VALID=TRUE&g=62295
61682,https://book.iranseda.ir/DetailsAlbum/?VALID=TRUE&g=61682
91070,https://book.iranseda.ir/DetailsAlbum/?VALID=TRUE&g=91070
83491,https://book.iranseda.ir/DetailsAlbum/?VALID=TRUE&g=83491
54348,https://book.iranseda.ir/DetailsAlbum/?VALID=TRUE&g=54348
76952,https://book.iranseda.ir/DetailsAlbum/?VALID=TRUE&g=76952
47112,https://book.iranseda.ir/DetailsAlbum/?VALID=TRUE&g=47112
74687,https://book.iranseda.ir/DetailsAlbum/?VALID=TRUE&g=74687
74675,https://book.iranseda.ir/DetailsAlbum/?VALID=TRUE&g=74675
70982,https://book.iranseda.ir/DetailsAlbum/?VALID=TRUE&g=70982
48859,https://book.iranseda.ir/DetailsAlbum/?VALID=TRUE&g=48859
50214,https://book.iranseda.ir/DetailsAlbum/?VALID=TRUE&g=50214
35059,https://book.iranseda.ir/DetailsAlbum/?VALID=TRUE&g=35059
35638,https://book.iranseda.ir/DetailsAlbum/?VALID=TRUE&g=35638
38827,https://book.iranseda.ir/DetailsAlbum/?VALID=TRUE&g=38827
32439,https://book.iranseda.ir/DetailsAlbum/?VALID=TRUE&g=32439
32056,https://book.iranseda.ir/DetailsAlbum/?VALID=TRUE&g=32056
